Account ID,Account Name,Active,Account Type,Currency Code,Created Time,Last Modified Time,Account Base Type,Parent Account ID,Account Code,Account Type Balance sheet,Account Group,Balance sheet base type,Balance Sheet Account Type,Balance Sheet Account Name,P&L Base Type,Account Type P&L,Cash Flow - Type,Base Type P&L,P&L Gross Type,P&L Operating Profit Type,Cash Flow Type
4198696000000000358,Undeposited funds,Yes,Cash,CRC,1969-12-31 19:00:00,2023-07-24 11:22:43,Asset,,,Cash,Total Current Assets,Asset,Cash,Undeposited funds,Asset,Cash,0,Cash,,Total Non Operating Income/Expense,0
4198696000000000361,fixed fund accounting,Yes,Cash,CRC,1969-12-31 19:00:00,2023-07-24 11:23:31,Asset,,,Cash,Total Current Assets,Asset,Cash,fixed fund accounting,Asset,Cash,0,Cash,,Total Non Operating Income/Expense,0
4198696000000000364,Accounts Receivable - Cash Sales,Yes,Accounts Receivable,CRC,1969-12-31 19:00:00,2025-03-27 12:53:50,Asset,,,Accounts Receivable,Total Current Assets,Asset,Accounts Receivable,Accounts Receivable - Cash Sales,Asset,Accounts Receivable,A. Cash Flow From Operating Activities,Accounts Receivable,,Total Non Operating Income/Expense,A. Cash Flow From Operating Activities
4198696000000000370,advance taxes,Yes,Other Current Asset,CRC,1969-12-31 19:00:00,2023-07-24 11:21:28,Asset,,,Other Current Asset,Total Current Assets,Asset,Other Current Asset,advance taxes,Asset,Other Current Asset,A. Cash Flow From Operating Activities,Other Current Asset,,Total Non Operating Income/Expense,A. Cash Flow From Operating Activities
4198696000000000373,Accounts payable,Yes,Accounts Payable,CRC,1969-12-31 19:00:00,2023-07-24 11:25:48,Liability,,,Accounts Payable,Total Current Liabilities,Total Liabilities & Equities,Accounts Payable,Accounts payable,Liability,Accounts Payable,A. Cash Flow From Operating Activities,Accounts Payable,,Total Non Operating Income/Expense,A. Cash Flow From Operating Activities
4198696000000000376,Taxes to pay,Yes,Other Current Liability,CRC,1969-12-31 19:00:00,2023-07-24 11:24:49,Liability,,,Other Current Liability,Total Current Liabilities,Total Liabilities & Equities,Other Current Liability,Taxes to pay,Liability,Other Current Liability,A. Cash Flow From Operating Activities,Other Current Liability,,Total Non Operating Income/Expense,A. Cash Flow From Operating Activities
4198696000000000379,Retained earning,Yes,Equity,CRC,1969-12-31 19:00:00,2023-07-24 11:26:25,Equity,,,Equity,,Equity,Equity,Retained earning,Equity,Equity,-1,Equity,,Total Non Operating Income/Expense,-1
4198696000000000382,owner's equity,Yes,Equity,CRC,1969-12-31 19:00:00,2023-07-24 11:26:41,Equity,,,Equity,,Equity,Equity,owner's equity,Equity,Equity,-1,Equity,,Total Non Operating Income/Expense,-1
4198696000000000385,Opening Balance Offset,Yes,Equity,CRC,1969-12-31 19:00:00,2023-07-24 11:27:15,Equity,,,Equity,,Equity,Equity,Opening Balance Offset,Equity,Equity,-1,Equity,,Total Non Operating Income/Expense,-1
4198696000000000388,Sales,Yes,Income,CRC,1969-12-31 19:00:00,2023-07-24 11:27:49,Income,,,Income,Equites,Total Liabilities & Equities,,,Total Operating Income,Total Operating Income,0,Total Operating Income,Total Gross Profit,Total Operating Profit,0
4198696000000000391,General income,Yes,Income,CRC,1969-12-31 19:00:00,2023-07-24 11:28:07,Income,,,Income,Equites,Total Liabilities & Equities,,,Total Operating Income,Total Operating Income,0,Total Operating Income,Total Gross Profit,Total Operating Profit,0
4198696000000000394,Interest income - Other,Yes,Income,CRC,1969-12-31 19:00:00,2023-08-29 07:06:37,Income,,,Income,Equites,Total Liabilities & Equities,,,Total Operating Income,Total Operating Income,0,Total Operating Income,Total Gross Profit,Total Operating Profit,0
4198696000000000397,Late Fee Income,Yes,Income,CRC,1969-12-31 19:00:00,2023-07-24 11:29:06,Income,,,Income,Equites,Total Liabilities & Equities,,,Total Operating Income,Total Operating Income,0,Total Operating Income,Total Gross Profit,Total Operating Profit,0
4198696000000000406,Discount,Yes,Income,CRC,1969-12-31 19:00:00,2023-07-24 11:29:30,Income,,,Income,Equites,Total Liabilities & Equities,,,Total Operating Income,Total Operating Income,0,Total Operating Income,Total Gross Profit,Total Operating Profit,0
4198696000000000409,Bank fees and charges,Yes,Expense,CRC,1969-12-31 19:00:00,2023-07-24 11:31:25,Expense,,,Expense,Equites,Total Liabilities & Equities,,,Expense,Total Operating Expense,0,Total Operating Expense,,Total Operating Profit,0
4198696000000000415,Ganancias o pérdidas de cambio [forex exchange rate gain/loss],Yes,Other Expense,CRC,1969-12-31 19:00:00,2023-10-25 08:10:02,Expense,,,Other Expense,Equites,Total Liabilities & Equities,,,Expense,Total Operating Expense,0,Total Operating Expense,,Total Operating Profit,0
4198696000000000439,Bad debt accounting,Yes,Expense,CRC,1969-12-31 19:00:00,2024-12-13 05:59:11,Expense,,320000,Expense,Equites,Total Liabilities & Equities,,,Expense,Total Operating Expense,0,Total Operating Expense,,Total Operating Profit,0
4198696000000000460,Other Expense,Yes,Expense,CRC,1969-12-31 19:00:00,2023-08-29 07:03:33,Expense,,360090,Expense,Equites,Total Liabilities & Equities,,,Expense,Total Operating Expense,0,Total Operating Expense,,Total Operating Profit,0
4198696000000003001,Opening Balance Adjustments,Yes,Other Current Liability,CRC,1969-12-31 19:00:00,2023-07-24 11:25:24,Liability,,,Other Current Liability,Total Current Liabilities,Total Liabilities & Equities,Other Current Liability,Opening Balance Adjustments,Liability,Other Current Liability,A. Cash Flow From Operating Activities,Other Current Liability,,Total Non Operating Income/Expense,A. Cash Flow From Operating Activities
4198696000000005001,Unearned income,Yes,Other Current Liability,CRC,1969-12-31 19:00:00,2023-07-24 11:25:04,Liability,,,Other Current Liability,Total Current Liabilities,Total Liabilities & Equities,Other Current Liability,Unearned income,Liability,Other Current Liability,A. Cash Flow From Operating Activities,Other Current Liability,,Total Non Operating Income/Expense,A. Cash Flow From Operating Activities
4198696000000010001,Other Income - Miscellaneous Income,Yes,Income,CRC,1969-12-31 19:00:00,2023-08-29 07:11:18,Income,,201070,Income,Equites,Total Liabilities & Equities,,,Total Operating Income,Total Operating Income,0,Total Operating Income,Total Gross Profit,Total Operating Profit,0
4198696000000012001,Drawings,Yes,Equity,CRC,1969-12-31 19:00:00,2023-06-29 14:19:17,Equity,,,Equity,,Equity,Equity,Drawings,Equity,Equity,-1,Equity,,Total Non Operating Income/Expense,-1
4198696000000014001,Shipping charges,Yes,Income,CRC,1969-12-31 19:00:00,2023-07-24 11:29:52,Income,,,Income,Equites,Total Liabilities & Equities,,,Total Operating Income,Total Operating Income,0,Total Operating Income,Total Gross Profit,Total Operating Profit,0
4198696000000032023,Accommodation,Yes,Expense,CRC,1969-12-31 19:00:00,2023-07-24 11:30:33,Expense,,,Expense,Equites,Total Liabilities & Equities,,,Expense,Total Operating Expense,0,Total Operating Expense,,Total Operating Profit,0
4198696000000034001,Activo de inventario,Yes,Stock,CRC,1969-12-31 19:00:00,2025-02-27 16:25:59,Asset,,70000,Other asset,Total Current Assets,Asset,Stock,Activo de inventario,Asset,Stock,A. Cash Flow From Operating Activities,Stock,,Total Non Operating Income/Expense,A. Cash Flow From Operating Activities
4198696000000034003,Costes de productos vendidos,Yes,Cost Of Goods Sold,CRC,1969-12-31 19:00:00,2023-06-29 14:19:18,Expense,,,Cost Of Goods Sold,Equites,Total Liabilities & Equities,,,Expense,Total Cost of Goods Sold,0,Total Cost of Goods Sold,Total Gross Profit,Total Operating Profit,0
4198696000000035001,employee advanced payment,Yes,Other Current Asset,CRC,1969-12-31 19:00:00,2023-07-24 11:21:55,Asset,,,Other Current Asset,Total Current Assets,Asset,Other Current Asset,employee advanced payment,Asset,Other Current Asset,A. Cash Flow From Operating Activities,Other Current Asset,,Total Non Operating Income/Expense,A. Cash Flow From Operating Activities
4198696000000035003,Employee Refunds,Yes,Other Current Liability,CRC,1969-12-31 19:00:00,2023-07-24 11:25:36,Liability,,,Other Current Liability,Total Current Liabilities,Total Liabilities & Equities,Other Current Liability,Employee Refunds,Liability,Other Current Liability,A. Cash Flow From Operating Activities,Other Current Liability,,Total Non Operating Income/Expense,A. Cash Flow From Operating Activities
4198696000000035005,Uncategorized,Yes,Expense,CRC,1969-12-31 19:00:00,2023-07-24 11:32:32,Expense,,,Expense,Equites,Total Liabilities & Equities,,,Expense,Total Operating Expense,0,Total Operating Expense,,Total Operating Profit,0
4198696000000045001,Ajustes de dimensión,Yes,Other Liability,CRC,1969-12-31 19:00:00,2023-06-29 14:19:18,Liability,,,Other Liability,Total Current Liabilities,Total Liabilities & Equities,Other Liability,Ajustes de dimensión,Liability,Other Liability,A. Cash Flow From Operating Activities,Other Liability,,Total Non Operating Income/Expense,A. Cash Flow From Operating Activities
4198696000000072001,Purchase discounts,Yes,Expense,CRC,2021-03-02 05:36:56,2023-07-24 11:30:57,Expense,,,Expense,Equites,Total Liabilities & Equities,,,Expense,Total Operating Expense,0,Total Operating Expense,,Total Operating Profit,0
4198696000000077012,Prepaid expenses,Yes,Other Current Asset,CRC,2023-06-29 14:19:17,2023-07-24 11:22:15,Asset,,,Other Current Asset,Total Current Assets,Asset,Other Current Asset,Prepaid expenses,Asset,Other Current Asset,A. Cash Flow From Operating Activities,Other Current Asset,,Total Non Operating Income/Expense,A. Cash Flow From Operating Activities
4198696000000099020,Ventas a clientes (Efectivo),Yes,Other Current Asset,CRC,2023-06-30 10:07:49,2023-06-30 10:07:49,Asset,,,Other Current Asset,Total Current Assets,Asset,Other Current Asset,Ventas a clientes (Efectivo),Asset,Other Current Asset,A. Cash Flow From Operating Activities,Other Current Asset,,Total Non Operating Income/Expense,A. Cash Flow From Operating Activities
4198696000000296841,Export Sales - Cash - CRC,Yes,Income,CRC,2023-07-23 13:37:08,2023-07-23 13:37:08,Income,,101100,Income,Equites,Total Liabilities & Equities,,,Total Operating Income,Total Operating Income,0,Total Operating Income,Total Gross Profit,Total Operating Profit,0
4198696000000296845,Export Sales - Cash - USD,Yes,Income,CRC,2023-07-23 13:37:08,2023-07-23 13:37:08,Income,,101110,Income,Equites,Total Liabilities & Equities,,,Total Operating Income,Total Operating Income,0,Total Operating Income,Total Gross Profit,Total Operating Profit,0
4198696000000296849,Export Sales - Credit - CRC,Yes,Income,CRC,2023-07-23 13:37:08,2023-07-23 13:37:08,Income,,101120,Income,Equites,Total Liabilities & Equities,,,Total Operating Income,Total Operating Income,0,Total Operating Income,Total Gross Profit,Total Operating Profit,0
4198696000000296853,Export Sales - Credit - USD,Yes,Income,CRC,2023-07-23 13:37:08,2023-07-23 13:37:08,Income,,101130,Income,Equites,Total Liabilities & Equities,,,Total Operating Income,Total Operating Income,0,Total Operating Income,Total Gross Profit,Total Operating Profit,0
4198696000000296861,Cost of Goods Sold,Yes,Cost Of Goods Sold,CRC,2023-07-23 13:37:09,2023-07-23 13:37:09,Expense,,102000,Cost Of Goods Sold,Equites,Total Liabilities & Equities,,,Expense,Total Cost of Goods Sold,0,Total Cost of Goods Sold,Total Gross Profit,Total Operating Profit,0
4198696000000296867,Cost of Goods Sold - Inter company,Yes,Cost Of Goods Sold,CRC,2023-07-23 13:37:09,2023-07-23 13:37:09,Expense,,102010,Cost Of Goods Sold,Equites,Total Liabilities & Equities,,,Expense,Total Cost of Goods Sold,0,Total Cost of Goods Sold,Total Gross Profit,Total Operating Profit,0
4198696000000296873,Cost of Goods Sold - Purchase control,Yes,Cost Of Goods Sold,CRC,2023-07-23 13:37:09,2023-07-23 13:37:09,Expense,,102020,Cost Of Goods Sold,Equites,Total Liabilities & Equities,,,Expense,Total Cost of Goods Sold,0,Total Cost of Goods Sold,Total Gross Profit,Total Operating Profit,0
4198696000000296879,Cost of Goods Sold - Settlement Discount,Yes,Cost Of Goods Sold,CRC,2023-07-23 13:37:09,2023-11-06 14:18:00,Expense,,103000,Cost Of Goods Sold,Equites,Total Liabilities & Equities,,,Expense,Total Cost of Goods Sold,0,Total Cost of Goods Sold,Total Gross Profit,Total Operating Profit,0
4198696000000296885,Cost of Goods Sold - Stock revaluation,Yes,Cost Of Goods Sold,CRC,2023-07-23 13:37:09,2023-07-23 13:37:09,Expense,,103010,Cost Of Goods Sold,Equites,Total Liabilities & Equities,,,Expense,Total Cost of Goods Sold,0,Total Cost of Goods Sold,Total Gross Profit,Total Operating Profit,0
4198696000000296891,Stock count variances,Yes,Cost Of Goods Sold,CRC,2023-07-23 13:37:09,2023-07-23 13:37:09,Expense,,103020,Cost Of Goods Sold,Equites,Total Liabilities & Equities,,,Expense,Total Cost of Goods Sold,0,Total Cost of Goods Sold,Total Gross Profit,Total Operating Profit,0
4198696000000296897,Obsolete stock written-off,Yes,Cost Of Goods Sold,CRC,2023-07-23 13:37:09,2023-07-23 13:37:09,Expense,,103030,Cost Of Goods Sold,Equites,Total Liabilities & Equities,,,Expense,Total Cost of Goods Sold,0,Total Cost of Goods Sold,Total Gross Profit,Total Operating Profit,0
4198696000000296903,Stock adjustments,Yes,Cost Of Goods Sold,CRC,2023-07-23 13:37:09,2023-07-23 13:37:09,Expense,,103040,Cost Of Goods Sold,Equites,Total Liabilities & Equities,,,Expense,Total Cost of Goods Sold,0,Total Cost of Goods Sold,Total Gross Profit,Total Operating Profit,0
4198696000000296909,Cost of Sales - YE Adjustments,Yes,Cost Of Goods Sold,CRC,2023-07-23 13:37:09,2023-07-23 13:37:09,Expense,,103080,Cost Of Goods Sold,Equites,Total Liabilities & Equities,,,Expense,Total Cost of Goods Sold,0,Total Cost of Goods Sold,Total Gross Profit,Total Operating Profit,0
4198696000000296915,Debit note control,Yes,Cost Of Goods Sold,CRC,2023-07-23 13:37:09,2023-07-23 13:37:09,Expense,,103090,Cost Of Goods Sold,Equites,Total Liabilities & Equities,,,Expense,Total Cost of Goods Sold,0,Total Cost of Goods Sold,Total Gross Profit,Total Operating Profit,0
4198696000000296921,Debit note write off,Yes,Cost Of Goods Sold,CRC,2023-07-23 13:37:09,2023-07-23 13:37:09,Expense,,103100,Cost Of Goods Sold,Equites,Total Liabilities & Equities,,,Expense,Total Cost of Goods Sold,0,Total Cost of Goods Sold,Total Gross Profit,Total Operating Profit,0
4198696000000296927,GRN verification adjustment,Yes,Cost Of Goods Sold,CRC,2023-07-23 13:37:09,2023-07-23 13:37:09,Expense,,103110,Cost Of Goods Sold,Equites,Total Liabilities & Equities,,,Expense,Total Cost of Goods Sold,0,Total Cost of Goods Sold,Total Gross Profit,Total Operating Profit,0
4198696000000296933,Uplift adjustment  - Clearing charges,Yes,Cost Of Goods Sold,CRC,2023-07-23 13:37:09,2023-07-23 13:37:09,Expense,,103120,Cost Of Goods Sold,Equites,Total Liabilities & Equities,,,Expense,Total Cost of Goods Sold,0,Total Cost of Goods Sold,Total Gross Profit,Total Operating Profit,0
4198696000000296939,Uplift adjustment  - Customs duty,Yes,Cost Of Goods Sold,CRC,2023-07-23 13:37:09,2023-07-23 13:37:09,Expense,,103130,Cost Of Goods Sold,Equites,Total Liabilities & Equities,,,Expense,Total Cost of Goods Sold,0,Total Cost of Goods Sold,Total Gross Profit,Total Operating Profit,0
4198696000000296945,Inter-branch Sales/Cost of Sale,Yes,Cost Of Goods Sold,CRC,2023-07-23 13:37:09,2023-07-23 13:37:09,Expense,,103600,Cost Of Goods Sold,Equites,Total Liabilities & Equities,,,Expense,Total Cost of Goods Sold,0,Total Cost of Goods Sold,Total Gross Profit,Total Operating Profit,0
4198696000000296951,Clearing Charges,Yes,Expense,CRC,2023-07-23 13:37:09,2023-07-23 13:37:09,Expense,,104000,Expense,Equites,Total Liabilities & Equities,,,Expense,Total Operating Expense,0,Total Operating Expense,,Total Operating Profit,0
4198696000000296963,Seafreight,Yes,Expense,CRC,2023-07-23 13:37:10,2023-07-23 13:37:10,Expense,,104020,Expense,Equites,Total Liabilities & Equities,,,Expense,Total Operating Expense,0,Total Operating Expense,,Total Operating Profit,0
4198696000000296969,Oncarriage,Yes,Expense,CRC,2023-07-23 13:37:10,2023-07-23 13:37:10,Expense,,104030,Expense,Equites,Total Liabilities & Equities,,,Expense,Total Operating Expense,0,Total Operating Expense,,Total Operating Profit,0
4198696000000296975,Additional Oncarriage,Yes,Expense,CRC,2023-07-23 13:37:10,2023-07-23 13:37:10,Expense,,104040,Expense,Equites,Total Liabilities & Equities,,,Expense,Total Operating Expense,0,Total Operating Expense,,Total Operating Profit,0
4198696000000296981,Ground Transport,Yes,Expense,CRC,2023-07-23 13:37:10,2023-07-23 13:37:10,Expense,,104050,Expense,Equites,Total Liabilities & Equities,,,Expense,Total Operating Expense,0,Total Operating Expense,,Total Operating Profit,0
4198696000000296987,Handling Charges,Yes,Expense,CRC,2023-07-23 13:37:10,2023-07-23 13:37:10,Expense,,104060,Expense,Equites,Total Liabilities & Equities,,,Expense,Total Operating Expense,0,Total Operating Expense,,Total Operating Profit,0
4198696000000296993,Insurance on Freight Carriage,Yes,Expense,CRC,2023-07-23 13:37:10,2023-07-23 13:37:10,Expense,,104070,Expense,Equites,Total Liabilities & Equities,,,Expense,Total Operating Expense,0,Total Operating Expense,,Total Operating Profit,0
4198696000000296999,Commission Charges,Yes,Expense,CRC,2023-07-23 13:37:10,2023-07-23 13:37:10,Expense,,104080,Expense,Equites,Total Liabilities & Equities,,,Expense,Total Operating Expense,0,Total Operating Expense,,Total Operating Profit,0
4198696000000297005,Ad Valorem Duty,Yes,Expense,CRC,2023-07-23 13:37:10,2023-07-23 13:37:10,Expense,,104090,Expense,Equites,Total Liabilities & Equities,,,Expense,Total Operating Expense,0,Total Operating Expense,,Total Operating Profit,0
4198696000000297017,Customs Duty,Yes,Expense,CRC,2023-07-23 13:37:10,2023-07-23 13:37:10,Expense,,104110,Expense,Equites,Total Liabilities & Equities,,,Expense,Total Operating Expense,0,Total Operating Expense,,Total Operating Profit,0
4198696000000297035,Environmental Levy,Yes,Expense,CRC,2023-07-23 13:37:10,2023-07-23 13:37:10,Expense,,104140,Expense,Equites,Total Liabilities & Equities,,,Expense,Total Operating Expense,0,Total Operating Expense,,Total Operating Profit,0
4198696000000297041,Advertising Expenses,Yes,Expense,CRC,2023-07-23 13:37:10,2023-07-23 13:37:10,Expense,,104150,Expense,Equites,Total Liabilities & Equities,,,Expense,Total Operating Expense,0,Total Operating Expense,,Total Operating Profit,0
4198696000000297047,Marketing Expenses,Yes,Expense,CRC,2023-07-23 13:37:10,2023-07-23 13:37:10,Expense,,104160,Expense,Equites,Total Liabilities & Equities,,,Expense,Total Operating Expense,0,Total Operating Expense,,Total Operating Profit,0
4198696000000297053,Sales Incentive,Yes,Expense,CRC,2023-07-23 13:37:11,2023-07-23 13:37:11,Expense,,104180,Expense,Equites,Total Liabilities & Equities,,,Expense,Total Operating Expense,0,Total Operating Expense,,Total Operating Profit,0
4198696000000297075,Other income - Rent received,Yes,Income,CRC,2023-07-23 13:37:11,2023-07-23 13:37:11,Income,,201040,Income,Equites,Total Liabilities & Equities,,,Total Operating Income,Total Operating Income,0,Total Operating Income,Total Gross Profit,Total Operating Profit,0
4198696000000297079,Other income - Handling Charges,Yes,Income,CRC,2023-07-23 13:37:11,2023-07-23 13:37:11,Income,,201050,Income,Equites,Total Liabilities & Equities,,,Total Operating Income,Total Operating Income,0,Total Operating Income,Total Gross Profit,Total Operating Profit,0
4198696000000297083,Other income - Profit on sale of assets,Yes,Income,CRC,2023-07-23 13:37:11,2023-07-23 13:37:11,Income,,201060,Income,Equites,Total Liabilities & Equities,,,Total Operating Income,Total Operating Income,0,Total Operating Income,Total Gross Profit,Total Operating Profit,0
4198696000000297091,Other income - Excess from till,Yes,Income,CRC,2023-07-23 13:37:11,2023-07-23 13:37:11,Income,,201080,Income,Equites,Total Liabilities & Equities,,,Total Operating Income,Total Operating Income,0,Total Operating Income,Total Gross Profit,Total Operating Profit,0
4198696000000297095,Other income - Over-payment by Customers,Yes,Income,CRC,2023-07-23 13:37:11,2024-02-05 13:17:34,Income,,201090,Income,Equites,Total Liabilities & Equities,,,Total Operating Income,Total Operating Income,0,Total Operating Income,Total Gross Profit,Total Operating Profit,0
4198696000000297099,Other income - Transport Charge,Yes,Income,CRC,2023-07-23 13:37:11,2023-07-23 13:37:11,Income,,201100,Income,Equites,Total Liabilities & Equities,,,Total Operating Income,Total Operating Income,0,Total Operating Income,Total Gross Profit,Total Operating Profit,0
4198696000000297103,Other income - Settlement Discount Allowed,Yes,Income,CRC,2023-07-23 13:37:11,2023-07-23 13:37:11,Income,,201110,Income,Equites,Total Liabilities & Equities,,,Total Operating Income,Total Operating Income,0,Total Operating Income,Total Gross Profit,Total Operating Profit,0
4198696000000297107,Other income - Incentive Received,Yes,Income,CRC,2023-07-23 13:37:11,2023-07-23 13:37:11,Income,,201120,Income,Equites,Total Liabilities & Equities,,,Total Operating Income,Total Operating Income,0,Total Operating Income,Total Gross Profit,Total Operating Profit,0
4198696000000297111,Other income - Internal Audit Recovered,Yes,Income,CRC,2023-07-23 13:37:11,2023-07-23 13:37:11,Income,,201130,Income,Equites,Total Liabilities & Equities,,,Total Operating Income,Total Operating Income,0,Total Operating Income,Total Gross Profit,Total Operating Profit,0
4198696000000297115,Operating Lease Income,Yes,Income,CRC,2023-07-23 13:37:11,2023-07-23 13:37:11,Income,,201170,Income,Equites,Total Liabilities & Equities,,,Total Operating Income,Total Operating Income,0,Total Operating Income,Total Gross Profit,Total Operating Profit,0
4198696000000297127,Other income - Rebate Received,Yes,Income,CRC,2023-07-23 13:37:12,2023-07-23 13:37:12,Income,,201200,Income,Equites,Total Liabilities & Equities,,,Total Operating Income,Total Operating Income,0,Total Operating Income,Total Gross Profit,Total Operating Profit,0
4198696000000297131,Other income - Loyalty Card Sales,Yes,Income,CRC,2023-07-23 13:37:12,2023-07-23 13:37:12,Income,,201210,Income,Equites,Total Liabilities & Equities,,,Total Operating Income,Total Operating Income,0,Total Operating Income,Total Gross Profit,Total Operating Profit,0
4198696000000297135,Other Income - Franchise Fees,Yes,Income,CRC,2023-07-23 13:37:12,2023-07-23 13:37:12,Income,,201220,Income,Equites,Total Liabilities & Equities,,,Total Operating Income,Total Operating Income,0,Total Operating Income,Total Gross Profit,Total Operating Profit,0
4198696000000297139,Other income: Bad debt recovered,Yes,Income,CRC,2023-07-23 13:37:12,2023-07-23 13:37:12,Income,,201230,Income,Equites,Total Liabilities & Equities,,,Total Operating Income,Total Operating Income,0,Total Operating Income,Total Gross Profit,Total Operating Profit,0
4198696000000297143,Other income - Non Stock,Yes,Income,CRC,2023-07-23 13:37:12,2023-07-23 13:37:12,Income,,201280,Income,Equites,Total Liabilities & Equities,,,Total Operating Income,Total Operating Income,0,Total Operating Income,Total Gross Profit,Total Operating Profit,0
4198696000000297147,Interest on Shareholders Loan,Yes,Other Expense,CRC,2023-07-23 13:37:12,2023-07-23 13:37:12,Expense,,300000,Other Expense,Equites,Total Liabilities & Equities,,,Expense,Total Operating Expense,0,Total Operating Expense,,Total Operating Profit,0
4198696000000297153,Interest Paid on Loans,Yes,Other Expense,CRC,2023-07-23 13:37:12,2023-07-23 13:37:12,Expense,,300010,Other Expense,Equites,Total Liabilities & Equities,,,Expense,Total Operating Expense,0,Total Operating Expense,,Total Operating Profit,0
4198696000000297159,Interest Paid to Bank,Yes,Other Expense,CRC,2023-07-23 13:37:12,2023-07-23 13:37:12,Expense,,300020,Other Expense,Equites,Total Liabilities & Equities,,,Expense,Total Operating Expense,0,Total Operating Expense,,Total Operating Profit,0
4198696000000297165,Interest on Debentures,Yes,Other Expense,CRC,2023-07-23 13:37:12,2023-07-23 13:37:12,Expense,,300030,Other Expense,Equites,Total Liabilities & Equities,,,Expense,Total Operating Expense,0,Total Operating Expense,,Total Operating Profit,0
4198696000000297171,Forex Gain/Loss,Yes,Other Expense,CRC,2023-07-23 13:37:12,2023-12-14 13:17:23,Expense,,300040,Other Expense,Equites,Total Liabilities & Equities,,,Expense,Total Operating Expense,0,Total Operating Expense,,Total Operating Profit,0
4198696000000297183,Operating Lease Expense,Yes,Other Expense,CRC,2023-07-23 13:37:12,2023-07-23 13:37:12,Expense,,300090,Other Expense,Equites,Total Liabilities & Equities,,,Expense,Total Operating Expense,0,Total Operating Expense,,Total Operating Profit,0
4198696000000297189,Insurance,Yes,Other Expense,CRC,2023-07-23 13:37:12,2023-07-23 13:37:12,Expense,,300100,Other Expense,Equites,Total Liabilities & Equities,,,Expense,Total Operating Expense,0,Total Operating Expense,,Total Operating Profit,0
4198696000000297195,Bank Charges - Scotia Credit Card Fees,Yes,Other Expense,CRC,2023-07-23 13:37:13,2024-11-21 12:04:14,Expense,,300110,Other Expense,Equites,Total Liabilities & Equities,,,Expense,Total Operating Expense,0,Total Operating Expense,,Total Operating Profit,0
4198696000000297207,Interest on Lease Liabilities,Yes,Other Expense,CRC,2023-07-23 13:37:13,2023-07-23 13:37:13,Expense,,300210,Other Expense,Equites,Total Liabilities & Equities,,,Expense,Total Operating Expense,0,Total Operating Expense,,Total Operating Profit,0
4198696000000297213,Repairs and Maintenance - Computers,Yes,Other Expense,CRC,2023-07-23 13:37:13,2023-07-23 13:37:13,Expense,,310000,Other Expense,Equites,Total Liabilities & Equities,,,Expense,Total Operating Expense,0,Total Operating Expense,,Total Operating Profit,0
4198696000000297225,Software Expenses,Yes,Other Expense,CRC,2023-07-23 13:37:13,2023-07-23 13:37:13,Expense,,310020,Other Expense,Equites,Total Liabilities & Equities,,,Expense,Total Operating Expense,0,Total Operating Expense,,Total Operating Profit,0
4198696000000297231,Software Annual License Fee,Yes,Other Expense,CRC,2023-07-23 13:37:13,2023-07-23 13:37:13,Expense,,310030,Other Expense,Equites,Total Liabilities & Equities,,,Expense,Total Operating Expense,0,Total Operating Expense,,Total Operating Profit,0
4198696000000297243,Settlement Discount Allowed,Yes,Other Expense,CRC,2023-07-23 13:37:13,2023-07-23 13:37:13,Expense,,320010,Other Expense,Equites,Total Liabilities & Equities,,,Expense,Total Operating Expense,0,Total Operating Expense,,Total Operating Profit,0
4198696000000297249,Collection Charges - Debtors,Yes,Other Expense,CRC,2023-07-23 13:37:13,2023-07-23 13:37:13,Expense,,320020,Other Expense,Equites,Total Liabilities & Equities,,,Expense,Total Operating Expense,0,Total Operating Expense,,Total Operating Profit,0
4198696000000297255,Depreciation - Building,Yes,Other Expense,CRC,2023-07-23 13:37:13,2023-07-23 13:37:13,Expense,,330010,Other Expense,Equites,Total Liabilities & Equities,,,Expense,Total Operating Expense,0,Total Operating Expense,,Total Operating Profit,0
4198696000000297261,Depreciation - Computer and Equipment,Yes,Other Expense,CRC,2023-07-23 13:37:13,2023-07-23 13:37:13,Expense,,330020,Other Expense,Equites,Total Liabilities & Equities,,,Expense,Total Operating Expense,0,Total Operating Expense,,Total Operating Profit,0
4198696000000297267,Depreciation - Plant and Machine,Yes,Other Expense,CRC,2023-07-23 13:37:13,2023-07-23 13:37:13,Expense,,330030,Other Expense,Equites,Total Liabilities & Equities,,,Expense,Total Operating Expense,0,Total Operating Expense,,Total Operating Profit,0
4198696000000297273,Depreciation - Furniture and Fixtures,Yes,Other Expense,CRC,2023-07-23 13:37:13,2023-07-23 13:37:13,Expense,,330040,Other Expense,Equites,Total Liabilities & Equities,,,Expense,Total Operating Expense,0,Total Operating Expense,,Total Operating Profit,0
4198696000000297279,Depreciation - Investment Properties,Yes,Other Expense,CRC,2023-07-23 13:37:13,2023-07-23 13:37:13,Expense,,330050,Other Expense,Equites,Total Liabilities & Equities,,,Expense,Total Operating Expense,0,Total Operating Expense,,Total Operating Profit,0
4198696000000297285,Depreciation - Motor Vehicles,Yes,Other Expense,CRC,2023-07-23 13:37:13,2023-07-23 13:37:14,Expense,,330060,Other Expense,Equites,Total Liabilities & Equities,,,Expense,Total Operating Expense,0,Total Operating Expense,,Total Operating Profit,0
4198696000000297291,Depreciation - Software,Yes,Other Expense,CRC,2023-07-23 13:37:14,2023-07-23 13:37:14,Expense,,330070,Other Expense,Equites,Total Liabilities & Equities,,,Expense,Total Operating Expense,0,Total Operating Expense,,Total Operating Profit,0
4198696000000297303,Motor vehicle petrol expenses,Yes,Other Expense,CRC,2023-07-23 13:37:14,2023-07-23 13:37:14,Expense,,335000,Other Expense,Equites,Total Liabilities & Equities,,,Expense,Total Operating Expense,0,Total Operating Expense,,Total Operating Profit,0
4198696000000297309,Motor vehicle diesel expenses,Yes,Other Expense,CRC,2023-07-23 13:37:14,2023-07-23 13:37:14,Expense,,335010,Other Expense,Equites,Total Liabilities & Equities,,,Expense,Total Operating Expense,0,Total Operating Expense,,Total Operating Profit,0
4198696000000297315,Motor vehicle licences,Yes,Other Expense,CRC,2023-07-23 13:37:14,2023-07-23 13:37:14,Expense,,335020,Other Expense,Equites,Total Liabilities & Equities,,,Expense,Total Operating Expense,0,Total Operating Expense,,Total Operating Profit,0
4198696000000297321,Motor vehicle repair & maintenance,Yes,Other Expense,CRC,2023-07-23 13:37:14,2023-07-23 13:37:14,Expense,,335030,Other Expense,Equites,Total Liabilities & Equities,,,Expense,Total Operating Expense,0,Total Operating Expense,,Total Operating Profit,0
4198696000000297327,Food & Drinks,Yes,Other Expense,CRC,2023-07-23 13:37:14,2023-07-23 13:37:14,Expense,,340000,Other Expense,Equites,Total Liabilities & Equities,,,Expense,Total Operating Expense,0,Total Operating Expense,,Total Operating Profit,0
4198696000000297333,Office Expenses,Yes,Other Expense,CRC,2023-07-23 13:37:14,2023-07-23 13:37:14,Expense,,340010,Other Expense,Equites,Total Liabilities & Equities,,,Expense,Total Operating Expense,0,Total Operating Expense,,Total Operating Profit,0
4198696000000297339,Office Utilities,Yes,Other Expense,CRC,2023-07-23 13:37:14,2023-07-23 13:37:14,Expense,,340020,Other Expense,Equites,Total Liabilities & Equities,,,Expense,Total Operating Expense,0,Total Operating Expense,,Total Operating Profit,0
4198696000000297345,Office Consumables,Yes,Other Expense,CRC,2023-07-23 13:37:14,2023-07-23 13:37:14,Expense,,340030,Other Expense,Equites,Total Liabilities & Equities,,,Expense,Total Operating Expense,0,Total Operating Expense,,Total Operating Profit,0
4198696000000297351,Printing & Stationery,Yes,Other Expense,CRC,2023-07-23 13:37:14,2023-07-23 13:37:14,Expense,,340040,Other Expense,Equites,Total Liabilities & Equities,,,Expense,Total Operating Expense,0,Total Operating Expense,,Total Operating Profit,0
4198696000000297357,Subscriptions,Yes,Other Expense,CRC,2023-07-23 13:37:14,2023-07-23 13:37:14,Expense,,340050,Other Expense,Equites,Total Liabilities & Equities,,,Expense,Total Operating Expense,0,Total Operating Expense,,Total Operating Profit,0
4198696000000297369,Internet Expenses,Yes,Other Expense,CRC,2023-07-23 13:37:15,2023-07-23 13:37:15,Expense,,340070,Other Expense,Equites,Total Liabilities & Equities,,,Expense,Total Operating Expense,0,Total Operating Expense,,Total Operating Profit,0
4198696000000297375,Telephone Charges,Yes,Other Expense,CRC,2023-07-23 13:37:15,2023-07-23 13:37:15,Expense,,340080,Other Expense,Equites,Total Liabilities & Equities,,,Expense,Total Operating Expense,0,Total Operating Expense,,Total Operating Profit,0
4198696000000297381,Postage,Yes,Other Expense,CRC,2023-07-23 13:37:15,2023-07-23 13:37:15,Expense,,340090,Other Expense,Equites,Total Liabilities & Equities,,,Expense,Total Operating Expense,0,Total Operating Expense,,Total Operating Profit,0
4198696000000297387,Courier Charges,Yes,Other Expense,CRC,2023-07-23 13:37:15,2023-07-23 13:37:15,Expense,,340100,Other Expense,Equites,Total Liabilities & Equities,,,Expense,Total Operating Expense,0,Total Operating Expense,,Total Operating Profit,0
4198696000000297393,Cleaning Expense,Yes,Other Expense,CRC,2023-07-23 13:37:15,2023-07-23 13:37:15,Expense,,340110,Other Expense,Equites,Total Liabilities & Equities,,,Expense,Total Operating Expense,0,Total Operating Expense,,Total Operating Profit,0
4198696000000297399,Customer Appreciation Event Expenses,Yes,Other Expense,CRC,2023-07-23 13:37:15,2023-07-23 13:37:15,Expense,,340120,Other Expense,Equites,Total Liabilities & Equities,,,Expense,Total Operating Expense,0,Total Operating Expense,,Total Operating Profit,0
4198696000000297411,Electricity Charges,Yes,Other Expense,CRC,2023-07-23 13:37:15,2023-07-23 13:37:15,Expense,,345000,Other Expense,Equites,Total Liabilities & Equities,,,Expense,Total Operating Expense,0,Total Operating Expense,,Total Operating Profit,0
4198696000000297417,Water Charges,Yes,Other Expense,CRC,2023-07-23 13:37:15,2023-07-23 13:37:15,Expense,,345010,Other Expense,Equites,Total Liabilities & Equities,,,Expense,Total Operating Expense,0,Total Operating Expense,,Total Operating Profit,0
4198696000000297423,Repairs and Maintenance - Building,Yes,Other Expense,CRC,2023-07-23 13:37:15,2023-07-23 13:37:15,Expense,,345020,Other Expense,Equites,Total Liabilities & Equities,,,Expense,Total Operating Expense,0,Total Operating Expense,,Total Operating Profit,0
4198696000000297429,Rent Paid - Manager's House,Yes,Other Expense,CRC,2023-07-23 13:37:15,2023-07-23 13:37:15,Expense,,347000,Other Expense,Equites,Total Liabilities & Equities,,,Expense,Total Operating Expense,0,Total Operating Expense,,Total Operating Profit,0
4198696000000297435,Rent Paid - Business Premises,Yes,Other Expense,CRC,2023-07-23 13:37:15,2023-07-23 13:37:15,Expense,,347010,Other Expense,Equites,Total Liabilities & Equities,,,Expense,Total Operating Expense,0,Total Operating Expense,,Total Operating Profit,0
4198696000000297441,Accounting fees,Yes,Other Expense,CRC,2023-07-23 13:37:15,2023-07-23 13:37:15,Expense,,350000,Other Expense,Equites,Total Liabilities & Equities,,,Expense,Total Operating Expense,0,Total Operating Expense,,Total Operating Profit,0
4198696000000297447,Audit fee,Yes,Other Expense,CRC,2023-07-23 13:37:15,2023-07-23 13:37:15,Expense,,350010,Other Expense,Equites,Total Liabilities & Equities,,,Expense,Total Operating Expense,0,Total Operating Expense,,Total Operating Profit,0
4198696000000297453,Consultancy charges,Yes,Other Expense,CRC,2023-07-23 13:37:15,2023-07-23 13:37:15,Expense,,350020,Other Expense,Equites,Total Liabilities & Equities,,,Expense,Total Operating Expense,0,Total Operating Expense,,Total Operating Profit,0
4198696000000297459,Legal charges,Yes,Other Expense,CRC,2023-07-23 13:37:16,2023-07-23 13:37:16,Expense,,350030,Other Expense,Equites,Total Liabilities & Equities,,,Expense,Total Operating Expense,0,Total Operating Expense,,Total Operating Profit,0
4198696000000297465,Professional charges,Yes,Other Expense,CRC,2023-07-23 13:37:16,2023-07-23 13:37:16,Expense,,350040,Other Expense,Equites,Total Liabilities & Equities,,,Expense,Total Operating Expense,0,Total Operating Expense,,Total Operating Profit,0
4198696000000297477,Directors Remuneration,Yes,Other Expense,CRC,2023-07-23 13:37:16,2023-07-23 13:37:16,Expense,,355000,Other Expense,Equites,Total Liabilities & Equities,,,Expense,Total Operating Expense,0,Total Operating Expense,,Total Operating Profit,0
4198696000000297483,Salaries & Wages,Yes,Other Expense,CRC,2023-07-23 13:37:16,2023-07-23 13:37:16,Expense,,355010,Other Expense,Equites,Total Liabilities & Equities,,,Expense,Total Operating Expense,0,Total Operating Expense,,Total Operating Profit,0
4198696000000297489,Overtime,Yes,Other Expense,CRC,2023-07-23 13:37:16,2023-07-23 13:37:16,Expense,,355020,Other Expense,Equites,Total Liabilities & Equities,,,Expense,Total Operating Expense,0,Total Operating Expense,,Total Operating Profit,0
4198696000000297495,Other Benefits & Staff Welfare,Yes,Other Expense,CRC,2023-07-23 13:37:16,2023-07-23 13:37:16,Expense,,355030,Other Expense,Equites,Total Liabilities & Equities,,,Expense,Total Operating Expense,0,Total Operating Expense,,Total Operating Profit,0
4198696000000297501,Loss Hours & Other Deductions,Yes,Other Expense,CRC,2023-07-23 13:37:16,2023-07-23 13:37:16,Expense,,355040,Other Expense,Equites,Total Liabilities & Equities,,,Expense,Total Operating Expense,0,Total Operating Expense,,Total Operating Profit,0
4198696000000297507,Exchange Rate Allowance,Yes,Other Expense,CRC,2023-07-23 13:37:16,2023-07-23 13:37:16,Expense,,355050,Other Expense,Equites,Total Liabilities & Equities,,,Expense,Total Operating Expense,0,Total Operating Expense,,Total Operating Profit,0
4198696000000297513,School Fees,Yes,Other Expense,CRC,2023-07-23 13:37:16,2023-07-23 13:37:16,Expense,,355060,Other Expense,Equites,Total Liabilities & Equities,,,Expense,Total Operating Expense,0,Total Operating Expense,,Total Operating Profit,0
4198696000000297519,Bonus Paid,Yes,Other Expense,CRC,2023-07-23 13:37:16,2023-07-23 13:37:16,Expense,,355070,Other Expense,Equites,Total Liabilities & Equities,,,Expense,Total Operating Expense,0,Total Operating Expense,,Total Operating Profit,0
4198696000000297525,Leave Pay,Yes,Other Expense,CRC,2023-07-23 13:37:16,2023-07-23 13:37:16,Expense,,355080,Other Expense,Equites,Total Liabilities & Equities,,,Expense,Total Operating Expense,0,Total Operating Expense,,Total Operating Profit,0
4198696000000297531,Termination Pay,Yes,Other Expense,CRC,2023-07-23 13:37:16,2024-04-04 12:05:33,Expense,,355090,Other Expense,Equites,Total Liabilities & Equities,,,Expense,Total Operating Expense,0,Total Operating Expense,,Total Operating Profit,0
4198696000000297537,Staff Welfare,Yes,Other Expense,CRC,2023-07-23 13:37:16,2023-07-23 13:37:16,Expense,,355100,Other Expense,Equites,Total Liabilities & Equities,,,Expense,Total Operating Expense,0,Total Operating Expense,,Total Operating Profit,0
4198696000000297543,Trip Allowances,Yes,Other Expense,CRC,2023-07-23 13:37:17,2023-07-23 13:37:17,Expense,,355110,Other Expense,Equites,Total Liabilities & Equities,,,Expense,Total Operating Expense,0,Total Operating Expense,,Total Operating Profit,0
4198696000000297549,INS Contribution,Yes,Other Expense,CRC,2023-07-23 13:37:17,2023-11-13 18:09:36,Expense,,355120,Other Expense,Equites,Total Liabilities & Equities,,,Expense,Total Operating Expense,0,Total Operating Expense,,Total Operating Profit,0
4198696000000297555,Medical Expenses,Yes,Other Expense,CRC,2023-07-23 13:37:17,2023-07-23 13:37:17,Expense,,355130,Other Expense,Equites,Total Liabilities & Equities,,,Expense,Total Operating Expense,0,Total Operating Expense,,Total Operating Profit,0
4198696000000297561,House Rent Allowance,Yes,Other Expense,CRC,2023-07-23 13:37:17,2023-07-23 13:37:17,Expense,,355140,Other Expense,Equites,Total Liabilities & Equities,,,Expense,Total Operating Expense,0,Total Operating Expense,,Total Operating Profit,0
4198696000000297567,Casual Labour,Yes,Other Expense,CRC,2023-07-23 13:37:17,2023-07-23 13:37:17,Expense,,355150,Other Expense,Equites,Total Liabilities & Equities,,,Expense,Total Operating Expense,0,Total Operating Expense,,Total Operating Profit,0
4198696000000297573,Shrinkage Incentive,Yes,Other Expense,CRC,2023-07-23 13:37:17,2023-07-23 13:37:17,Expense,,355160,Other Expense,Equites,Total Liabilities & Equities,,,Expense,Total Operating Expense,0,Total Operating Expense,,Total Operating Profit,0
4198696000000297579,Recruitment & Training of Staff,Yes,Other Expense,CRC,2023-07-23 13:37:17,2023-07-23 13:37:17,Expense,,355170,Other Expense,Equites,Total Liabilities & Equities,,,Expense,Total Operating Expense,0,Total Operating Expense,,Total Operating Profit,0
4198696000000297585,Expat Salaries,Yes,Other Expense,CRC,2023-07-23 13:37:17,2023-07-23 13:37:17,Expense,,355180,Other Expense,Equites,Total Liabilities & Equities,,,Expense,Total Operating Expense,0,Total Operating Expense,,Total Operating Profit,0
4198696000000297591,Expat - Other Benefits and welf,Yes,Other Expense,CRC,2023-07-23 13:37:17,2023-07-23 13:37:17,Expense,,355190,Other Expense,Equites,Total Liabilities & Equities,,,Expense,Total Operating Expense,0,Total Operating Expense,,Total Operating Profit,0
4198696000000297597,Expat - Loss hours,Yes,Other Expense,CRC,2023-07-23 13:37:17,2023-07-23 13:37:17,Expense,,355200,Other Expense,Equites,Total Liabilities & Equities,,,Expense,Total Operating Expense,0,Total Operating Expense,,Total Operating Profit,0
4198696000000297603,Expat - Overtime,Yes,Other Expense,CRC,2023-07-23 13:37:17,2023-07-23 13:37:17,Expense,,355210,Other Expense,Equites,Total Liabilities & Equities,,,Expense,Total Operating Expense,0,Total Operating Expense,,Total Operating Profit,0
4198696000000297609,Expat - Bonus,Yes,Other Expense,CRC,2023-07-23 13:37:17,2023-07-23 13:37:17,Expense,,355220,Other Expense,Equites,Total Liabilities & Equities,,,Expense,Total Operating Expense,0,Total Operating Expense,,Total Operating Profit,0
4198696000000297615,Expat - Leave Pay,Yes,Other Expense,CRC,2023-07-23 13:37:17,2023-07-23 13:37:17,Expense,,355230,Other Expense,Equites,Total Liabilities & Equities,,,Expense,Total Operating Expense,0,Total Operating Expense,,Total Operating Profit,0
4198696000000297621,Bursary,Yes,Other Expense,CRC,2023-07-23 13:37:17,2023-07-23 13:37:17,Expense,,355240,Other Expense,Equites,Total Liabilities & Equities,,,Expense,Total Operating Expense,0,Total Operating Expense,,Total Operating Profit,0
4198696000000297627,Car Allowance,Yes,Other Expense,CRC,2023-07-23 13:37:17,2023-07-23 13:37:17,Expense,,355250,Other Expense,Equites,Total Liabilities & Equities,,,Expense,Total Operating Expense,0,Total Operating Expense,,Total Operating Profit,0
4198696000000297633,Social Security,Yes,Other Expense,CRC,2023-07-23 13:37:17,2023-07-23 13:37:17,Expense,,355260,Other Expense,Equites,Total Liabilities & Equities,,,Expense,Total Operating Expense,0,Total Operating Expense,,Total Operating Profit,0
4198696000000297639,Social Security Company Contribution,Yes,Other Expense,CRC,2023-07-23 13:37:17,2023-07-23 13:37:18,Expense,,355270,Other Expense,Equites,Total Liabilities & Equities,,,Expense,Total Operating Expense,0,Total Operating Expense,,Total Operating Profit,0
4198696000000297645,Pension fund Company Contribution,Yes,Other Expense,CRC,2023-07-23 13:37:18,2023-07-23 13:37:18,Expense,,355280,Other Expense,Equites,Total Liabilities & Equities,,,Expense,Total Operating Expense,0,Total Operating Expense,,Total Operating Profit,0
4198696000000297651,Employee taxes,Yes,Other Expense,CRC,2023-07-23 13:37:18,2023-07-23 13:37:18,Expense,,355290,Other Expense,Equites,Total Liabilities & Equities,,,Expense,Total Operating Expense,0,Total Operating Expense,,Total Operating Profit,0
4198696000000297657,Repairs & Maintenance - General,Yes,Other Expense,CRC,2023-07-23 13:37:18,2023-07-23 13:37:18,Expense,,360000,Other Expense,Equites,Total Liabilities & Equities,,,Expense,Total Operating Expense,0,Total Operating Expense,,Total Operating Profit,0
4198696000000297663,Loss on Disposal of Fixed Asset,Yes,Other Expense,CRC,2023-07-23 13:37:18,2023-07-23 13:37:18,Expense,,360010,Other Expense,Equites,Total Liabilities & Equities,,,Expense,Total Operating Expense,0,Total Operating Expense,,Total Operating Profit,0
4198696000000297669,Security Expenses,Yes,Other Expense,CRC,2023-07-23 13:37:18,2023-07-23 13:37:18,Expense,,360020,Other Expense,Equites,Total Liabilities & Equities,,,Expense,Total Operating Expense,0,Total Operating Expense,,Total Operating Profit,0
4198696000000297675,Tender Application Fee,Yes,Other Expense,CRC,2023-07-23 13:37:18,2023-07-23 13:37:18,Expense,,360030,Other Expense,Equites,Total Liabilities & Equities,,,Expense,Total Operating Expense,0,Total Operating Expense,,Total Operating Profit,0
4198696000000297681,"Donations, Fines and Embezzelme",Yes,Other Expense,CRC,2023-07-23 13:37:18,2023-07-23 13:37:18,Expense,,360040,Other Expense,Equites,Total Liabilities & Equities,,,Expense,Total Operating Expense,0,Total Operating Expense,,Total Operating Profit,0
4198696000000297687,Special Donations,Yes,Other Expense,CRC,2023-07-23 13:37:18,2023-07-23 13:37:18,Expense,,360050,Other Expense,Equites,Total Liabilities & Equities,,,Expense,Total Operating Expense,0,Total Operating Expense,,Total Operating Profit,0
4198696000000297693,Round-off Account,Yes,Other Expense,CRC,2023-07-23 13:37:18,2023-07-23 13:37:18,Expense,,360060,Other Expense,Equites,Total Liabilities & Equities,,,Expense,Total Operating Expense,0,Total Operating Expense,,Total Operating Profit,0
4198696000000297699,Miscellaneous Expenses,Yes,Other Expense,CRC,2023-07-23 13:37:18,2023-07-23 13:37:18,Expense,,360070,Other Expense,Equites,Total Liabilities & Equities,,,Expense,Total Operating Expense,0,Total Operating Expense,,Total Operating Profit,0
4198696000000297717,Travelling Expenses - International,Yes,Other Expense,CRC,2023-07-23 13:37:18,2023-07-23 13:37:18,Expense,,360110,Other Expense,Equites,Total Liabilities & Equities,,,Expense,Total Operating Expense,0,Total Operating Expense,,Total Operating Profit,0
4198696000000297723,Travelling Expenses - Local - CRC,Yes,Other Expense,CRC,2023-07-23 13:37:18,2023-07-23 13:37:18,Expense,,360140,Other Expense,Equites,Total Liabilities & Equities,,,Expense,Total Operating Expense,0,Total Operating Expense,,Total Operating Profit,0
4198696000000297729,Travelling Expenses - Local - USD,Yes,Other Expense,CRC,2023-07-23 13:37:18,2023-07-23 13:37:18,Expense,,360150,Other Expense,Equites,Total Liabilities & Equities,,,Expense,Total Operating Expense,0,Total Operating Expense,,Total Operating Profit,0
4198696000000297741,Toll Expenses,Yes,Other Expense,CRC,2023-07-23 13:37:19,2023-07-23 13:37:19,Expense,,360190,Other Expense,Equites,Total Liabilities & Equities,,,Expense,Total Operating Expense,0,Total Operating Expense,,Total Operating Profit,0
4198696000000297747,Software Installation Expenses,Yes,Other Expense,CRC,2023-07-23 13:37:19,2023-07-23 13:37:19,Expense,,360200,Other Expense,Equites,Total Liabilities & Equities,,,Expense,Total Operating Expense,0,Total Operating Expense,,Total Operating Profit,0
4198696000000297753,Transport Charges,Yes,Other Expense,CRC,2023-07-23 13:37:19,2023-07-23 13:37:19,Expense,,360210,Other Expense,Equites,Total Liabilities & Equities,,,Expense,Total Operating Expense,0,Total Operating Expense,,Total Operating Profit,0
4198696000000297765,Expense Incurred for Sister Concerns,Yes,Other Expense,CRC,2023-07-23 13:37:19,2023-07-23 13:37:19,Expense,,360230,Other Expense,Equites,Total Liabilities & Equities,,,Expense,Total Operating Expense,0,Total Operating Expense,,Total Operating Profit,0
4198696000000297777,Fuel Expenses,Yes,Other Expense,CRC,2023-07-23 13:37:19,2023-07-23 13:37:19,Expense,,360250,Other Expense,Equites,Total Liabilities & Equities,,,Expense,Total Operating Expense,0,Total Operating Expense,,Total Operating Profit,0
4198696000000297783,Filing Fees,Yes,Other Expense,CRC,2023-07-23 13:37:19,2023-07-23 13:37:19,Expense,,360270,Other Expense,Equites,Total Liabilities & Equities,,,Expense,Total Operating Expense,0,Total Operating Expense,,Total Operating Profit,0
4198696000000297795,Interest paid on withholding tax,Yes,Other Expense,CRC,2023-07-23 13:37:19,2023-07-23 13:37:19,Expense,,360290,Other Expense,Equites,Total Liabilities & Equities,,,Expense,Total Operating Expense,0,Total Operating Expense,,Total Operating Profit,0
4198696000000297801,Rates & Taxes,Yes,Other Expense,CRC,2023-07-23 13:37:19,2023-07-23 13:37:19,Expense,,360300,Other Expense,Equites,Total Liabilities & Equities,,,Expense,Total Operating Expense,0,Total Operating Expense,,Total Operating Profit,0
4198696000000297807,Registration Fees,Yes,Other Expense,CRC,2023-07-23 13:37:19,2023-07-23 13:37:19,Expense,,360310,Other Expense,Equites,Total Liabilities & Equities,,,Expense,Total Operating Expense,0,Total Operating Expense,,Total Operating Profit,0
4198696000000297813,Licence & Fees,Yes,Other Expense,CRC,2023-07-23 13:37:19,2023-07-23 13:37:19,Expense,,360320,Other Expense,Equites,Total Liabilities & Equities,,,Expense,Total Operating Expense,0,Total Operating Expense,,Total Operating Profit,0
4198696000000297825,Government Levy on Electricity,Yes,Other Expense,CRC,2023-07-23 13:37:19,2023-07-23 13:37:19,Expense,,360380,Other Expense,Equites,Total Liabilities & Equities,,,Expense,Total Operating Expense,0,Total Operating Expense,,Total Operating Profit,0
4198696000000297831,Management Fees,Yes,Other Expense,CRC,2023-07-23 13:37:19,2023-07-23 13:37:19,Expense,,360390,Other Expense,Equites,Total Liabilities & Equities,,,Expense,Total Operating Expense,0,Total Operating Expense,,Total Operating Profit,0
4198696000000297837,Provision Movement Account,Yes,Other Expense,CRC,2023-07-23 13:37:20,2023-07-23 13:37:20,Expense,,360400,Other Expense,Equites,Total Liabilities & Equities,,,Expense,Total Operating Expense,0,Total Operating Expense,,Total Operating Profit,0
4198696000000297843,Visa and Permit Application Fee,Yes,Other Expense,CRC,2023-07-23 13:37:20,2023-07-23 13:37:20,Expense,,360410,Other Expense,Equites,Total Liabilities & Equities,,,Expense,Total Operating Expense,0,Total Operating Expense,,Total Operating Profit,0
4198696000000297849,Loss on Theft,Yes,Other Expense,CRC,2023-07-23 13:37:20,2023-07-23 13:37:20,Expense,,360420,Other Expense,Equites,Total Liabilities & Equities,,,Expense,Total Operating Expense,0,Total Operating Expense,,Total Operating Profit,0
4198696000000297855,Representative Expenses,Yes,Other Expense,CRC,2023-07-23 13:37:20,2023-07-23 13:37:20,Expense,,360440,Other Expense,Equites,Total Liabilities & Equities,,,Expense,Total Operating Expense,0,Total Operating Expense,,Total Operating Profit,0
4198696000000297861,Fines and Penalties,Yes,Other Expense,CRC,2023-07-23 13:37:20,2023-07-23 13:37:20,Expense,,360450,Other Expense,Equites,Total Liabilities & Equities,,,Expense,Total Operating Expense,0,Total Operating Expense,,Total Operating Profit,0
4198696000000297867,Corporate & Protective Clothing,Yes,Other Expense,CRC,2023-07-23 13:37:20,2025-03-07 17:22:48,Expense,,360510,Other Expense,Equites,Total Liabilities & Equities,,,Expense,Total Operating Expense,0,Total Operating Expense,,Total Operating Profit,0
4198696000000297873,Taxation Current Year,Yes,Other Expense,CRC,2023-07-23 13:37:20,2023-07-23 13:37:20,Expense,,400000,Other Expense,Equites,Total Liabilities & Equities,,,Expense,Total Operating Expense,0,Total Operating Expense,,Total Operating Profit,0
4198696000000297879,Taxation Prior Year,Yes,Other Expense,CRC,2023-07-23 13:37:20,2023-07-23 13:37:20,Expense,,400010,Other Expense,Equites,Total Liabilities & Equities,,,Expense,Total Operating Expense,0,Total Operating Expense,,Total Operating Profit,0
4198696000000297885,Deferred tax income,Yes,Other Expense,CRC,2023-07-23 13:37:20,2023-07-23 13:37:20,Expense,,400020,Other Expense,Equites,Total Liabilities & Equities,,,Expense,Total Operating Expense,0,Total Operating Expense,,Total Operating Profit,0
4198696000000297891,Deferred tax expense,Yes,Other Expense,CRC,2023-07-23 13:37:20,2023-07-23 13:37:20,Expense,,400030,Other Expense,Equites,Total Liabilities & Equities,,,Expense,Total Operating Expense,0,Total Operating Expense,,Total Operating Profit,0
4198696000000297897,Interest paid on tax,Yes,Other Expense,CRC,2023-07-23 13:37:20,2023-07-23 13:37:20,Expense,,400040,Other Expense,Equites,Total Liabilities & Equities,,,Expense,Total Operating Expense,0,Total Operating Expense,,Total Operating Profit,0
4198696000000297903,Computers & Equipments - Cost,Yes,Other Current Asset,CRC,2023-07-23 13:37:20,2023-07-23 13:37:20,Asset,,700010,Other Current Asset,Total Current Assets,Asset,Other Current Asset,Computers & Equipments - Cost,Asset,Other Current Asset,A. Cash Flow From Operating Activities,Other Current Asset,,Total Non Operating Income/Expense,A. Cash Flow From Operating Activities
4198696000000297909,Furniture & Fittings - Cost,Yes,Other Current Asset,CRC,2023-07-23 13:37:20,2023-07-23 13:37:20,Asset,,700020,Other Current Asset,Total Current Assets,Asset,Other Current Asset,Furniture & Fittings - Cost,Asset,Other Current Asset,A. Cash Flow From Operating Activities,Other Current Asset,,Total Non Operating Income/Expense,A. Cash Flow From Operating Activities
4198696000000297915,Investment Property - Cost,Yes,Other Current Asset,CRC,2023-07-23 13:37:20,2023-07-23 13:37:20,Asset,,700030,Other Current Asset,Total Current Assets,Asset,Other Current Asset,Investment Property - Cost,Asset,Other Current Asset,A. Cash Flow From Operating Activities,Other Current Asset,,Total Non Operating Income/Expense,A. Cash Flow From Operating Activities
4198696000000297921,Land & Buildings - Cost,Yes,Other Current Asset,CRC,2023-07-23 13:37:20,2023-07-23 13:37:20,Asset,,700040,Other Current Asset,Total Current Assets,Asset,Other Current Asset,Land & Buildings - Cost,Asset,Other Current Asset,A. Cash Flow From Operating Activities,Other Current Asset,,Total Non Operating Income/Expense,A. Cash Flow From Operating Activities
4198696000000297927,Motor Vehicles - Cost,Yes,Other Current Asset,CRC,2023-07-23 13:37:20,2023-07-23 13:37:21,Asset,,700050,Other Current Asset,Total Current Assets,Asset,Other Current Asset,Motor Vehicles - Cost,Asset,Other Current Asset,A. Cash Flow From Operating Activities,Other Current Asset,,Total Non Operating Income/Expense,A. Cash Flow From Operating Activities
4198696000000297933,Plant & Machinery - Cost,Yes,Other Current Asset,CRC,2023-07-23 13:37:21,2023-07-23 13:37:21,Asset,,700060,Other Current Asset,Total Current Assets,Asset,Other Current Asset,Plant & Machinery - Cost,Asset,Other Current Asset,A. Cash Flow From Operating Activities,Other Current Asset,,Total Non Operating Income/Expense,A. Cash Flow From Operating Activities
4198696000000297939,Software - Cost,Yes,Other Current Asset,CRC,2023-07-23 13:37:21,2023-07-23 13:37:21,Asset,,700070,Other Current Asset,Total Current Assets,Asset,Other Current Asset,Software - Cost,Asset,Other Current Asset,A. Cash Flow From Operating Activities,Other Current Asset,,Total Non Operating Income/Expense,A. Cash Flow From Operating Activities
4198696000000297951,Computers & Equipments - Accumulated Dep,Yes,Other Current Asset,CRC,2023-07-23 13:37:21,2023-07-23 13:37:21,Asset,,701010,Other Current Asset,Total Current Assets,Asset,Other Current Asset,Computers & Equipments - Accumulated Dep,Asset,Other Current Asset,A. Cash Flow From Operating Activities,Other Current Asset,,Total Non Operating Income/Expense,A. Cash Flow From Operating Activities
4198696000000297957,Furniture & Fittings - Accumulated Dep,Yes,Other Current Asset,CRC,2023-07-23 13:37:21,2023-07-23 13:37:21,Asset,,701020,Other Current Asset,Total Current Assets,Asset,Other Current Asset,Furniture & Fittings - Accumulated Dep,Asset,Other Current Asset,A. Cash Flow From Operating Activities,Other Current Asset,,Total Non Operating Income/Expense,A. Cash Flow From Operating Activities
4198696000000297963,Investment Property - Accumulated Dep,Yes,Other Current Asset,CRC,2023-07-23 13:37:21,2023-07-23 13:37:21,Asset,,701030,Other Current Asset,Total Current Assets,Asset,Other Current Asset,Investment Property - Accumulated Dep,Asset,Other Current Asset,A. Cash Flow From Operating Activities,Other Current Asset,,Total Non Operating Income/Expense,A. Cash Flow From Operating Activities
4198696000000297969,Buildings - Accumulated Dep,Yes,Other Current Asset,CRC,2023-07-23 13:37:21,2023-07-23 13:37:21,Asset,,701040,Other Current Asset,Total Current Assets,Asset,Other Current Asset,Buildings - Accumulated Dep,Asset,Other Current Asset,A. Cash Flow From Operating Activities,Other Current Asset,,Total Non Operating Income/Expense,A. Cash Flow From Operating Activities
4198696000000297975,Motor Vehicles - Accumulated Dep,Yes,Other Current Asset,CRC,2023-07-23 13:37:21,2023-07-23 13:37:21,Asset,,701050,Other Current Asset,Total Current Assets,Asset,Other Current Asset,Motor Vehicles - Accumulated Dep,Asset,Other Current Asset,A. Cash Flow From Operating Activities,Other Current Asset,,Total Non Operating Income/Expense,A. Cash Flow From Operating Activities
4198696000000297981,Plant & Machinery - Accumulated Dep,Yes,Other Current Asset,CRC,2023-07-23 13:37:21,2023-07-23 13:37:21,Asset,,701060,Other Current Asset,Total Current Assets,Asset,Other Current Asset,Plant & Machinery - Accumulated Dep,Asset,Other Current Asset,A. Cash Flow From Operating Activities,Other Current Asset,,Total Non Operating Income/Expense,A. Cash Flow From Operating Activities
4198696000000297987,Software - Accumulated Dep,Yes,Other Current Asset,CRC,2023-07-23 13:37:21,2023-07-23 13:37:21,Asset,,701070,Other Current Asset,Total Current Assets,Asset,Other Current Asset,Software - Accumulated Dep,Asset,Other Current Asset,A. Cash Flow From Operating Activities,Other Current Asset,,Total Non Operating Income/Expense,A. Cash Flow From Operating Activities
4198696000000297999,Operating Lease Asset,Yes,Other Current Asset,CRC,2023-07-23 13:37:21,2023-07-23 13:37:21,Asset,,710000,Other Current Asset,Total Current Assets,Asset,Other Current Asset,Operating Lease Asset,Asset,Other Current Asset,A. Cash Flow From Operating Activities,Other Current Asset,,Total Non Operating Income/Expense,A. Cash Flow From Operating Activities
4198696000000298005,Settlement Discounts Received,Yes,Stock,CRC,2023-07-23 13:37:21,2023-11-06 14:28:41,Asset,,720000,Other asset,Total Current Assets,Asset,Stock,Settlement Discounts Received,Asset,Stock,A. Cash Flow From Operating Activities,Stock,,Total Non Operating Income/Expense,A. Cash Flow From Operating Activities
4198696000000298009,Non Stock,Yes,Stock,CRC,2023-07-23 13:37:21,2023-07-23 13:37:21,Asset,,720005,Other asset,Total Current Assets,Asset,Stock,Non Stock,Asset,Stock,A. Cash Flow From Operating Activities,Stock,,Total Non Operating Income/Expense,A. Cash Flow From Operating Activities
4198696000000298013,Stock-in-transit,Yes,Stock,CRC,2023-07-23 13:37:21,2023-07-23 13:37:21,Asset,,720010,Other asset,Total Current Assets,Asset,Stock,Stock-in-transit,Asset,Stock,A. Cash Flow From Operating Activities,Stock,,Total Non Operating Income/Expense,A. Cash Flow From Operating Activities
4198696000000298017,Stock accruals,Yes,Stock,CRC,2023-07-23 13:37:22,2023-07-23 13:37:22,Asset,,720020,Other asset,Total Current Assets,Asset,Stock,Stock accruals,Asset,Stock,A. Cash Flow From Operating Activities,Stock,,Total Non Operating Income/Expense,A. Cash Flow From Operating Activities
4198696000000298021,Provision for Obsolete Stock,Yes,Stock,CRC,2023-07-23 13:37:22,2023-07-23 13:37:22,Asset,,720030,Other asset,Total Current Assets,Asset,Stock,Provision for Obsolete Stock,Asset,Stock,A. Cash Flow From Operating Activities,Stock,,Total Non Operating Income/Expense,A. Cash Flow From Operating Activities
4198696000000298025,Requisition Control,Yes,Stock,CRC,2023-07-23 13:37:22,2023-07-23 13:37:22,Asset,,720098,Other asset,Total Current Assets,Asset,Stock,Requisition Control,Asset,Stock,A. Cash Flow From Operating Activities,Stock,,Total Non Operating Income/Expense,A. Cash Flow From Operating Activities
4198696000000298033,SO Cost of Sales Accrual,Yes,Stock,CRC,2023-07-23 13:37:22,2023-07-23 13:37:22,Asset,,720600,Other asset,Total Current Assets,Asset,Stock,SO Cost of Sales Accrual,Asset,Stock,A. Cash Flow From Operating Activities,Stock,,Total Non Operating Income/Expense,A. Cash Flow From Operating Activities
4198696000000298037,Stock WIP Account,Yes,Stock,CRC,2023-07-23 13:37:22,2023-07-23 13:37:22,Asset,,720610,Other asset,Total Current Assets,Asset,Stock,Stock WIP Account,Asset,Stock,A. Cash Flow From Operating Activities,Stock,,Total Non Operating Income/Expense,A. Cash Flow From Operating Activities
4198696000000298065,Deposits Received from Customer,Yes,Other Current Asset,CRC,2023-07-23 13:37:22,2023-07-23 13:37:22,Asset,,730080,Other Current Asset,Total Current Assets,Asset,Other Current Asset,Deposits Received from Customer,Asset,Other Current Asset,A. Cash Flow From Operating Activities,Other Current Asset,,Total Non Operating Income/Expense,A. Cash Flow From Operating Activities
4198696000000298071,Sales Accrual,Yes,Other Current Asset,CRC,2023-07-23 13:37:22,2023-07-23 13:37:22,Asset,,730600,Other Current Asset,Total Current Assets,Asset,Other Current Asset,Sales Accrual,Asset,Other Current Asset,A. Cash Flow From Operating Activities,Other Current Asset,,Total Non Operating Income/Expense,A. Cash Flow From Operating Activities
4198696000000298089,Deposit - Rent,Yes,Other Current Asset,CRC,2023-07-23 13:37:22,2023-07-23 13:37:23,Asset,,731000,Other Current Asset,Total Current Assets,Asset,Other Current Asset,Deposit - Rent,Asset,Other Current Asset,A. Cash Flow From Operating Activities,Other Current Asset,,Total Non Operating Income/Expense,A. Cash Flow From Operating Activities
4198696000000298095,Deposit - Others,Yes,Other Current Asset,CRC,2023-07-23 13:37:23,2023-07-23 13:37:23,Asset,,731820,Other Current Asset,Total Current Assets,Asset,Other Current Asset,Deposit - Others,Asset,Other Current Asset,A. Cash Flow From Operating Activities,Other Current Asset,,Total Non Operating Income/Expense,A. Cash Flow From Operating Activities
4198696000000298101,Staff receivables - Jean Carlo,Yes,Other Current Asset,CRC,2023-07-23 13:37:23,2025-02-14 16:16:33,Asset,,735000,Other Current Asset,Total Current Assets,Asset,Other Current Asset,Staff receivables - Jean Carlo,Asset,Other Current Asset,A. Cash Flow From Operating Activities,Other Current Asset,,Total Non Operating Income/Expense,A. Cash Flow From Operating Activities
4198696000000298107,Deferred Tax Asset,Yes,Other Current Asset,CRC,2023-07-23 13:37:23,2023-07-23 13:37:23,Asset,,735100,Other Current Asset,Total Current Assets,Asset,Other Current Asset,Deferred Tax Asset,Asset,Other Current Asset,A. Cash Flow From Operating Activities,Other Current Asset,,Total Non Operating Income/Expense,A. Cash Flow From Operating Activities
4198696000000298113,Pending Claims,Yes,Other Current Asset,CRC,2023-07-23 13:37:23,2023-07-23 13:37:23,Asset,,735110,Other Current Asset,Total Current Assets,Asset,Other Current Asset,Pending Claims,Asset,Other Current Asset,A. Cash Flow From Operating Activities,Other Current Asset,,Total Non Operating Income/Expense,A. Cash Flow From Operating Activities
4198696000000298119,Unknown deposit,Yes,Other Current Asset,CRC,2023-07-23 13:37:23,2023-07-23 13:37:23,Asset,,735120,Other Current Asset,Total Current Assets,Asset,Other Current Asset,Unknown deposit,Asset,Other Current Asset,A. Cash Flow From Operating Activities,Other Current Asset,,Total Non Operating Income/Expense,A. Cash Flow From Operating Activities
4198696000000298125,Training fee receivable,Yes,Other Current Asset,CRC,2023-07-23 13:37:23,2023-07-23 13:37:23,Asset,,735130,Other Current Asset,Total Current Assets,Asset,Other Current Asset,Training fee receivable,Asset,Other Current Asset,A. Cash Flow From Operating Activities,Other Current Asset,,Total Non Operating Income/Expense,A. Cash Flow From Operating Activities
4198696000000298131,Prepaid expense,Yes,Other Current Asset,CRC,2023-07-23 13:37:23,2023-07-23 13:37:23,Asset,,735140,Other Current Asset,Total Current Assets,Asset,Other Current Asset,Prepaid expense,Asset,Other Current Asset,A. Cash Flow From Operating Activities,Other Current Asset,,Total Non Operating Income/Expense,A. Cash Flow From Operating Activities
4198696000000298137,Prepaid Insurance,Yes,Other Current Asset,CRC,2023-07-23 13:37:23,2023-07-23 13:37:23,Asset,,735150,Other Current Asset,Total Current Assets,Asset,Other Current Asset,Prepaid Insurance,Asset,Other Current Asset,A. Cash Flow From Operating Activities,Other Current Asset,,Total Non Operating Income/Expense,A. Cash Flow From Operating Activities
4198696000000298151,Cashier Shorts,Yes,Other Current Asset,CRC,2023-07-23 13:37:23,2023-07-23 13:37:23,Asset,,735180,Other Current Asset,Total Current Assets,Asset,Other Current Asset,Cashier Shorts,Asset,Other Current Asset,A. Cash Flow From Operating Activities,Other Current Asset,,Total Non Operating Income/Expense,A. Cash Flow From Operating Activities
4198696000000298157,Unrealised Exchange Rate Gains/,Yes,Other Current Asset,CRC,2023-07-23 13:37:23,2023-07-23 13:37:23,Asset,,735190,Other Current Asset,Total Current Assets,Asset,Other Current Asset,Unrealised Exchange Rate Gains/,Asset,Other Current Asset,A. Cash Flow From Operating Activities,Other Current Asset,,Total Non Operating Income/Expense,A. Cash Flow From Operating Activities
4198696000000298169,Operating lease deferred,Yes,Other Current Asset,CRC,2023-07-23 13:37:23,2023-07-23 13:37:23,Asset,,735210,Other Current Asset,Total Current Assets,Asset,Other Current Asset,Operating lease deferred,Asset,Other Current Asset,A. Cash Flow From Operating Activities,Other Current Asset,,Total Non Operating Income/Expense,A. Cash Flow From Operating Activities
4198696000000298183,Senior Staff Receivable - Daniel,Yes,Other Current Asset,CRC,2023-07-23 13:37:24,2025-02-14 16:16:42,Asset,,735310,Other Current Asset,Total Current Assets,Asset,Other Current Asset,Senior Staff Receivable - Daniel,Asset,Other Current Asset,A. Cash Flow From Operating Activities,Other Current Asset,,Total Non Operating Income/Expense,A. Cash Flow From Operating Activities
4198696000000298201,Wht Paid on Interest (On Loan),Yes,Other Current Asset,CRC,2023-07-23 13:37:24,2023-07-23 13:37:24,Asset,,736300,Other Current Asset,Total Current Assets,Asset,Other Current Asset,Wht Paid on Interest (On Loan),Asset,Other Current Asset,A. Cash Flow From Operating Activities,Other Current Asset,,Total Non Operating Income/Expense,A. Cash Flow From Operating Activities
4198696000000298219,Cash float,Yes,Other Current Asset,CRC,2023-07-23 13:37:24,2023-07-23 13:37:24,Asset,,740000,Other Current Asset,Total Current Assets,Asset,Other Current Asset,Cash float,Asset,Other Current Asset,A. Cash Flow From Operating Activities,Other Current Asset,,Total Non Operating Income/Expense,A. Cash Flow From Operating Activities
4198696000000298225,Petty Cash - CRC,Yes,Cash,CRC,2023-07-23 13:37:24,2023-08-18 11:30:35,Asset,,740100,Cash,Total Current Assets,Asset,Cash,Petty Cash - CRC,Asset,Cash,0,Cash,,Total Non Operating Income/Expense,0
4198696000000298231,Petty Cash - USD,Yes,Other Current Asset,CRC,2023-07-23 13:37:24,2023-07-23 13:37:24,Asset,,740110,Other Current Asset,Total Current Assets,Asset,Other Current Asset,Petty Cash - USD,Asset,Other Current Asset,A. Cash Flow From Operating Activities,Other Current Asset,,Total Non Operating Income/Expense,A. Cash Flow From Operating Activities
4198696000000298273,Debit Note Suspense Control,Yes,Other Liability,CRC,2023-07-23 13:37:25,2023-07-23 13:37:25,Liability,,750200,Other Liability,Total Current Liabilities,Total Liabilities & Equities,Other Liability,Debit Note Suspense Control,Liability,Other Liability,A. Cash Flow From Operating Activities,Other Liability,,Total Non Operating Income/Expense,A. Cash Flow From Operating Activities
4198696000000298279,Provision for customs duty,Yes,Other Liability,CRC,2023-07-23 13:37:25,2023-07-23 13:37:25,Liability,,750210,Other Liability,Total Current Liabilities,Total Liabilities & Equities,Other Liability,Provision for customs duty,Liability,Other Liability,A. Cash Flow From Operating Activities,Other Liability,,Total Non Operating Income/Expense,A. Cash Flow From Operating Activities
4198696000000298285,Provision for other purchase expenses,Yes,Other Liability,CRC,2023-07-23 13:37:25,2023-07-23 13:37:25,Liability,,750220,Other Liability,Total Current Liabilities,Total Liabilities & Equities,Other Liability,Provision for other purchase expenses,Liability,Other Liability,A. Cash Flow From Operating Activities,Other Liability,,Total Non Operating Income/Expense,A. Cash Flow From Operating Activities
4198696000000298291,Settlement discount control a/c,Yes,Other Liability,CRC,2023-07-23 13:37:25,2023-07-23 13:37:25,Liability,,750230,Other Liability,Total Current Liabilities,Total Liabilities & Equities,Other Liability,Settlement discount control a/c,Liability,Other Liability,A. Cash Flow From Operating Activities,Other Liability,,Total Non Operating Income/Expense,A. Cash Flow From Operating Activities
4198696000000298303,Stock Received not Invoiced,Yes,Other Liability,CRC,2023-07-23 13:37:25,2023-07-23 13:37:25,Liability,,751000,Other Liability,Total Current Liabilities,Total Liabilities & Equities,Other Liability,Stock Received not Invoiced,Liability,Other Liability,A. Cash Flow From Operating Activities,Other Liability,,Total Non Operating Income/Expense,A. Cash Flow From Operating Activities
4198696000000298309,Stock Unmatched Invoices,Yes,Other Liability,CRC,2023-07-23 13:37:25,2023-07-23 13:37:25,Liability,,751010,Other Liability,Total Current Liabilities,Total Liabilities & Equities,Other Liability,Stock Unmatched Invoices,Liability,Other Liability,A. Cash Flow From Operating Activities,Other Liability,,Total Non Operating Income/Expense,A. Cash Flow From Operating Activities
4198696000000298315,Operating Lease Liability,Yes,Other Liability,CRC,2023-07-23 13:37:25,2023-07-23 13:37:25,Liability,,751020,Other Liability,Total Current Liabilities,Total Liabilities & Equities,Other Liability,Operating Lease Liability,Liability,Other Liability,A. Cash Flow From Operating Activities,Other Liability,,Total Non Operating Income/Expense,A. Cash Flow From Operating Activities
4198696000000298321,Provision for expenses,Yes,Other Liability,CRC,2023-07-23 13:37:25,2023-07-23 13:37:25,Liability,,751040,Other Liability,Total Current Liabilities,Total Liabilities & Equities,Other Liability,Provision for expenses,Liability,Other Liability,A. Cash Flow From Operating Activities,Other Liability,,Total Non Operating Income/Expense,A. Cash Flow From Operating Activities
4198696000000298327,Provision for doubtful debts,Yes,Other Liability,CRC,2023-07-23 13:37:25,2023-07-23 13:37:25,Liability,,751050,Other Liability,Total Current Liabilities,Total Liabilities & Equities,Other Liability,Provision for doubtful debts,Liability,Other Liability,A. Cash Flow From Operating Activities,Other Liability,,Total Non Operating Income/Expense,A. Cash Flow From Operating Activities
4198696000000298333,Sales incentive payable,Yes,Other Liability,CRC,2023-07-23 13:37:25,2023-07-23 13:37:25,Liability,,751100,Other Liability,Total Current Liabilities,Total Liabilities & Equities,Other Liability,Sales incentive payable,Liability,Other Liability,A. Cash Flow From Operating Activities,Other Liability,,Total Non Operating Income/Expense,A. Cash Flow From Operating Activities
4198696000000298339,Provision for Severance Pay,Yes,Other Liability,CRC,2023-07-23 13:37:25,2023-07-23 13:37:25,Liability,,751110,Other Liability,Total Current Liabilities,Total Liabilities & Equities,Other Liability,Provision for Severance Pay,Liability,Other Liability,A. Cash Flow From Operating Activities,Other Liability,,Total Non Operating Income/Expense,A. Cash Flow From Operating Activities
4198696000000298345,Dividend payable,Yes,Other Liability,CRC,2023-07-23 13:37:25,2023-07-23 13:37:25,Liability,,751120,Other Liability,Total Current Liabilities,Total Liabilities & Equities,Other Liability,Dividend payable,Liability,Other Liability,A. Cash Flow From Operating Activities,Other Liability,,Total Non Operating Income/Expense,A. Cash Flow From Operating Activities
4198696000000298357,Leave days payable,Yes,Other Liability,CRC,2023-07-23 13:37:25,2023-07-23 13:37:25,Liability,,751140,Other Liability,Total Current Liabilities,Total Liabilities & Equities,Other Liability,Leave days payable,Liability,Other Liability,A. Cash Flow From Operating Activities,Other Liability,,Total Non Operating Income/Expense,A. Cash Flow From Operating Activities
4198696000000298363,Interest payable on debenture,Yes,Other Liability,CRC,2023-07-23 13:37:26,2023-07-23 13:37:26,Liability,,751150,Other Liability,Total Current Liabilities,Total Liabilities & Equities,Other Liability,Interest payable on debenture,Liability,Other Liability,A. Cash Flow From Operating Activities,Other Liability,,Total Non Operating Income/Expense,A. Cash Flow From Operating Activities
4198696000000298369,Other payables,Yes,Other Liability,CRC,2023-07-23 13:37:26,2023-07-23 13:37:26,Liability,,751160,Other Liability,Total Current Liabilities,Total Liabilities & Equities,Other Liability,Other payables,Liability,Other Liability,A. Cash Flow From Operating Activities,Other Liability,,Total Non Operating Income/Expense,A. Cash Flow From Operating Activities
4198696000000298375,Provision for rent,Yes,Other Liability,CRC,2023-07-23 13:37:26,2023-07-23 13:37:26,Liability,,751170,Other Liability,Total Current Liabilities,Total Liabilities & Equities,Other Liability,Provision for rent,Liability,Other Liability,A. Cash Flow From Operating Activities,Other Liability,,Total Non Operating Income/Expense,A. Cash Flow From Operating Activities
4198696000000298393,Garnishee,Yes,Other Liability,CRC,2023-07-23 13:37:26,2023-07-23 13:37:26,Liability,,751630,Other Liability,Total Current Liabilities,Total Liabilities & Equities,Other Liability,Garnishee,Liability,Other Liability,A. Cash Flow From Operating Activities,Other Liability,,Total Non Operating Income/Expense,A. Cash Flow From Operating Activities
4198696000000298399,Medical Aid Liability,Yes,Other Liability,CRC,2023-07-23 13:37:26,2023-07-23 13:37:26,Liability,,751640,Other Liability,Total Current Liabilities,Total Liabilities & Equities,Other Liability,Medical Aid Liability,Liability,Other Liability,A. Cash Flow From Operating Activities,Other Liability,,Total Non Operating Income/Expense,A. Cash Flow From Operating Activities
4198696000000298405,Social Security liability,Yes,Other Liability,CRC,2023-07-23 13:37:26,2023-07-23 13:37:26,Liability,,751650,Other Liability,Total Current Liabilities,Total Liabilities & Equities,Other Liability,Social Security liability,Liability,Other Liability,A. Cash Flow From Operating Activities,Other Liability,,Total Non Operating Income/Expense,A. Cash Flow From Operating Activities
4198696000000298411,Donations Received,Yes,Other Liability,CRC,2023-07-23 13:37:26,2023-07-23 13:37:26,Liability,,751790,Other Liability,Total Current Liabilities,Total Liabilities & Equities,Other Liability,Donations Received,Liability,Other Liability,A. Cash Flow From Operating Activities,Other Liability,,Total Non Operating Income/Expense,A. Cash Flow From Operating Activities
4198696000000298417,Shareholders loan interest payable,Yes,Other Liability,CRC,2023-07-23 13:37:26,2023-07-23 13:37:26,Liability,,752000,Other Liability,Total Current Liabilities,Total Liabilities & Equities,Other Liability,Shareholders loan interest payable,Liability,Other Liability,A. Cash Flow From Operating Activities,Other Liability,,Total Non Operating Income/Expense,A. Cash Flow From Operating Activities
4198696000000298423,Wht Payable,Yes,Other Liability,CRC,2023-07-23 13:37:26,2023-07-23 13:37:26,Liability,,753000,Other Liability,Total Current Liabilities,Total Liabilities & Equities,Other Liability,Wht Payable,Liability,Other Liability,A. Cash Flow From Operating Activities,Other Liability,,Total Non Operating Income/Expense,A. Cash Flow From Operating Activities
4198696000000298429,Wht Payable on Dividend,Yes,Other Liability,CRC,2023-07-23 13:37:26,2023-07-23 13:37:26,Liability,,753010,Other Liability,Total Current Liabilities,Total Liabilities & Equities,Other Liability,Wht Payable on Dividend,Liability,Other Liability,A. Cash Flow From Operating Activities,Other Liability,,Total Non Operating Income/Expense,A. Cash Flow From Operating Activities
4198696000000298467,Deferred Tax Liability,Yes,Other Liability,CRC,2023-07-23 13:37:27,2023-07-23 13:37:27,Liability,,760000,Other Liability,Total Current Liabilities,Total Liabilities & Equities,Other Liability,Deferred Tax Liability,Liability,Other Liability,A. Cash Flow From Operating Activities,Other Liability,,Total Non Operating Income/Expense,A. Cash Flow From Operating Activities
4198696000000298479,Tax Liability Prior Years,Yes,Other Liability,CRC,2023-07-23 13:37:27,2023-07-23 13:37:27,Liability,,760030,Other Liability,Total Current Liabilities,Total Liabilities & Equities,Other Liability,Tax Liability Prior Years,Liability,Other Liability,A. Cash Flow From Operating Activities,Other Liability,,Total Non Operating Income/Expense,A. Cash Flow From Operating Activities
4198696000000298485,Debentures,Yes,Long Term Liability,CRC,2023-07-23 13:37:27,2023-07-23 13:37:27,Liability,,765000,Long Term Liability,Total Current Liabilities,Total Liabilities & Equities,Long Term Liability,Debentures,Liability,Long Term Liability,-1,Long Term Liability,,Total Non Operating Income/Expense,-1
4198696000000298491,Shareholders loan - Alpesh Patel,Yes,Long Term Liability,CRC,2023-07-23 13:37:27,2023-07-23 13:37:27,Liability,,770000,Long Term Liability,Total Current Liabilities,Total Liabilities & Equities,Long Term Liability,Shareholders loan - Alpesh Patel,Liability,Long Term Liability,-1,Long Term Liability,,Total Non Operating Income/Expense,-1
4198696000000298497,Shareholders loan - Tejash Dungarani,Yes,Long Term Liability,CRC,2023-07-23 13:37:27,2023-07-23 13:37:27,Liability,,770010,Long Term Liability,Total Current Liabilities,Total Liabilities & Equities,Long Term Liability,Shareholders loan - Tejash Dungarani,Liability,Long Term Liability,-1,Long Term Liability,,Total Non Operating Income/Expense,-1
4198696000000298503,Shareholders loan - Ankur Patel,Yes,Long Term Liability,CRC,2023-07-23 13:37:27,2023-07-23 13:37:27,Liability,,770020,Long Term Liability,Total Current Liabilities,Total Liabilities & Equities,Long Term Liability,Shareholders loan - Ankur Patel,Liability,Long Term Liability,-1,Long Term Liability,,Total Non Operating Income/Expense,-1
4198696000000298509,Shareholders loan - Amit Patel,Yes,Long Term Liability,CRC,2023-07-23 13:37:27,2023-07-23 13:37:27,Liability,,770030,Long Term Liability,Total Current Liabilities,Total Liabilities & Equities,Long Term Liability,Shareholders loan - Amit Patel,Liability,Long Term Liability,-1,Long Term Liability,,Total Non Operating Income/Expense,-1
4198696000000298515,Shareholders loan - Sajith Nair,Yes,Long Term Liability,CRC,2023-07-23 13:37:27,2023-07-23 13:37:27,Liability,,770040,Long Term Liability,Total Current Liabilities,Total Liabilities & Equities,Long Term Liability,Shareholders loan - Sajith Nair,Liability,Long Term Liability,-1,Long Term Liability,,Total Non Operating Income/Expense,-1
4198696000000298521,Shareholders loan - Paula Patel,Yes,Long Term Liability,CRC,2023-07-23 13:37:27,2023-07-23 13:37:27,Liability,,770050,Long Term Liability,Total Current Liabilities,Total Liabilities & Equities,Long Term Liability,Shareholders loan - Paula Patel,Liability,Long Term Liability,-1,Long Term Liability,,Total Non Operating Income/Expense,-1
4198696000000298527,Shareholders loan - Neeshka Patel,Yes,Long Term Liability,CRC,2023-07-23 13:37:27,2023-07-23 13:37:27,Liability,,770060,Long Term Liability,Total Current Liabilities,Total Liabilities & Equities,Long Term Liability,Shareholders loan - Neeshka Patel,Liability,Long Term Liability,-1,Long Term Liability,,Total Non Operating Income/Expense,-1
4198696000000298533,Shareholders loan - Aashvi Patel,Yes,Long Term Liability,CRC,2023-07-23 13:37:28,2023-07-23 13:37:28,Liability,,770070,Long Term Liability,Total Current Liabilities,Total Liabilities & Equities,Long Term Liability,Shareholders loan - Aashvi Patel,Liability,Long Term Liability,-1,Long Term Liability,,Total Non Operating Income/Expense,-1
4198696000000298539,Shareholders loan - Amani Patel,Yes,Long Term Liability,CRC,2023-07-23 13:37:28,2023-07-23 13:37:28,Liability,,770080,Long Term Liability,Total Current Liabilities,Total Liabilities & Equities,Long Term Liability,Shareholders loan - Amani Patel,Liability,Long Term Liability,-1,Long Term Liability,,Total Non Operating Income/Expense,-1
4198696000000298545,Shareholders loan - Greg Herarty,Yes,Long Term Liability,CRC,2023-07-23 13:37:28,2023-07-23 13:37:28,Liability,,770090,Long Term Liability,Total Current Liabilities,Total Liabilities & Equities,Long Term Liability,Shareholders loan - Greg Herarty,Liability,Long Term Liability,-1,Long Term Liability,,Total Non Operating Income/Expense,-1
4198696000000298551,Share Capital,Yes,Long Term Liability,CRC,2023-07-23 13:37:28,2023-07-23 13:37:28,Liability,,775000,Long Term Liability,Total Current Liabilities,Total Liabilities & Equities,Long Term Liability,Share Capital,Liability,Long Term Liability,-1,Long Term Liability,,Total Non Operating Income/Expense,-1
4198696000000298557,Share Premium,Yes,Other Liability,CRC,2023-07-23 13:37:28,2023-07-23 13:37:28,Liability,,775190,Other Liability,Total Current Liabilities,Total Liabilities & Equities,Other Liability,Share Premium,Liability,Other Liability,A. Cash Flow From Operating Activities,Other Liability,,Total Non Operating Income/Expense,A. Cash Flow From Operating Activities
4198696000000298563,Retained Earnings,Yes,Other Liability,CRC,2023-07-23 13:37:28,2023-07-23 13:37:28,Liability,,778000,Other Liability,Total Current Liabilities,Total Liabilities & Equities,Other Liability,Retained Earnings,Liability,Other Liability,A. Cash Flow From Operating Activities,Other Liability,,Total Non Operating Income/Expense,A. Cash Flow From Operating Activities
4198696000000298569,Dividend Paid To Shareholders,Yes,Other Liability,CRC,2023-07-23 13:37:28,2023-07-23 13:37:28,Liability,,778010,Other Liability,Total Current Liabilities,Total Liabilities & Equities,Other Liability,Dividend Paid To Shareholders,Liability,Other Liability,A. Cash Flow From Operating Activities,Other Liability,,Total Non Operating Income/Expense,A. Cash Flow From Operating Activities
4198696000000375167,BNCR - Colones,Yes,Bank,CRC,2023-08-18 12:06:05,2023-08-18 12:06:05,Asset,,,Bank,Total Current Assets,Asset,Bank,BNCR - Colones,Asset,Bank,0,Bank,,Total Non Operating Income/Expense,0
4198696000000375171,BNCR - USD,Yes,Bank,USD,2023-08-18 12:06:27,2023-08-18 12:06:27,Asset,,,Bank,Total Current Assets,Asset,Bank,BNCR - USD,Asset,Bank,0,Bank,,Total Non Operating Income/Expense,0
4198696000000375175,Scotia - USD,Yes,Bank,USD,2023-08-18 12:06:42,2023-08-18 12:06:42,Asset,,,Bank,Total Current Assets,Asset,Bank,Scotia - USD,Asset,Bank,0,Bank,,Total Non Operating Income/Expense,0
4198696000000375179,Scotia - Colones,Yes,Bank,CRC,2023-08-18 12:06:52,2023-08-18 12:06:52,Asset,,,Bank,Total Current Assets,Asset,Bank,Scotia - Colones,Asset,Bank,0,Bank,,Total Non Operating Income/Expense,0
4198696000000418009,Cashier Daily Balance,Yes,Payment Clearing,CRC,2023-08-22 10:36:56,2023-08-22 10:44:21,Asset,,,Payment Clearing,,Asset,Payment Clearing,Cashier Daily Balance,Asset,Payment Clearing,-1,Payment Clearing,,Total Non Operating Income/Expense,-1
4198696000000418013,BNCR Credit Card Machine - CRC,Yes,Payment Clearing,CRC,2023-08-22 10:43:23,2024-11-12 10:13:00,Asset,,,Payment Clearing,,Asset,Payment Clearing,BNCR Credit Card Machine - CRC,Asset,Payment Clearing,-1,Payment Clearing,,Total Non Operating Income/Expense,-1
4198696000000418017,Scotia Credit Card Machine - Colones,Yes,Payment Clearing,CRC,2023-08-22 10:43:47,2023-08-22 10:43:47,Asset,,,Payment Clearing,,Asset,Payment Clearing,Scotia Credit Card Machine - Colones,Asset,Payment Clearing,-1,Payment Clearing,,Total Non Operating Income/Expense,-1
4198696000000944814,IVA Import Duty Claimable,Yes,Other Current Asset,CRC,2023-11-01 12:53:02,2023-11-01 12:53:02,Asset,,,Other Current Asset,Total Current Assets,Asset,Other Current Asset,IVA Import Duty Claimable,Asset,Other Current Asset,A. Cash Flow From Operating Activities,Other Current Asset,,Total Non Operating Income/Expense,A. Cash Flow From Operating Activities
4198696000000999001,IVA Output Tax,Yes,Output Tax,CRC,2023-11-06 08:55:33,2024-04-12 06:29:58,Liability,,,Output Tax,Total Current Liabilities,Total Liabilities & Equities,Output Tax,IVA Output Tax,Liability,Output Tax,A. Cash Flow From Operating Activities,Output Tax,,Total Non Operating Income/Expense,A. Cash Flow From Operating Activities
4198696000000999005,IVA Input Tax,Yes,Input Tax,CRC,2023-11-06 08:55:33,2024-04-12 06:30:09,Asset,,,Input Tax,,Asset,Input Tax,IVA Input Tax,Asset,Input Tax,A. Cash Flow From Operating Activities,Input Tax,,Total Non Operating Income/Expense,A. Cash Flow From Operating Activities
4198696000001106467,Computer Expenses,Yes,Expense,CRC,2023-11-08 18:18:23,2023-11-08 18:18:23,Expense,,,Expense,Equites,Total Liabilities & Equities,,,Expense,Total Operating Expense,0,Total Operating Expense,,Total Operating Profit,0
4198696000001428065,QuickPass,Yes,Bank,CRC,2023-11-24 16:33:35,2023-11-24 16:33:35,Asset,,,Bank,Total Current Assets,Asset,Bank,QuickPass,Asset,Bank,0,Bank,,Total Non Operating Income/Expense,0
4198696000007165096,IVA Retention,Yes,Input Tax,CRC,2024-07-09 11:55:40,2024-07-09 11:55:40,Asset,,,Input Tax,,Asset,Input Tax,IVA Retention,Asset,Input Tax,A. Cash Flow From Operating Activities,Input Tax,,Total Non Operating Income/Expense,A. Cash Flow From Operating Activities
4198696000011574203,Workshop Sales Incentive,Yes,Expense,CRC,2024-11-01 10:42:36,2024-11-01 10:42:36,Expense,,104190,Expense,Equites,Total Liabilities & Equities,,,Expense,Total Operating Expense,0,Total Operating Expense,,Total Operating Profit,0
4198696000011584152,Cash Back clientes,Yes,Income,CRC,2024-11-01 11:44:58,2024-11-01 11:44:58,Income,,,Income,Equites,Total Liabilities & Equities,,,Total Operating Income,Total Operating Income,0,Total Operating Income,Total Gross Profit,Total Operating Profit,0
4198696000012622281,Bank Charges - BNCR Credit Card Fees,Yes,Other Expense,CRC,2024-11-21 12:05:06,2024-11-21 12:05:06,Expense,,300115,Other Expense,Equites,Total Liabilities & Equities,,,Expense,Total Operating Expense,0,Total Operating Expense,,Total Operating Profit,0
4198696000013873337,Staff,Yes,Expense,CRC,2024-12-12 06:13:04,2024-12-12 06:13:04,Expense,,,Expense,Equites,Total Liabilities & Equities,,,Expense,Total Operating Expense,0,Total Operating Expense,,Total Operating Profit,0
4198696000015623903,Cleaning Expenses,Yes,Expense,CRC,2025-01-13 14:48:42,2025-01-13 14:48:42,Expense,,,Expense,Equites,Total Liabilities & Equities,,,Expense,Total Operating Expense,0,Total Operating Expense,,Total Operating Profit,0
4198696000017539130,Mariana's Cash float,Yes,Other Asset,CRC,2025-02-06 12:21:56,2025-02-06 12:21:56,Asset,,740010,Other Asset,,Asset,Other Asset,Mariana's Cash float,Asset,Other Asset,B. Cash Flow From Investing Activities,Other Asset,,Total Non Operating Income/Expense,B. Cash Flow From Investing Activities
4198696000018806017,Clearing Charges Stock,Yes,Other Current Asset,CRC,2025-02-27 11:50:35,2025-02-27 16:33:34,Asset,4198696000018806132,,Other Current Asset,Total Current Assets,Asset,Other Current Asset,Clearing Charges Stock,Asset,Other Current Asset,A. Cash Flow From Operating Activities,Other Current Asset,,Total Non Operating Income/Expense,A. Cash Flow From Operating Activities
4198696000018806021,Customs Duty Stock,Yes,Other Current Asset,CRC,2025-02-27 11:51:22,2025-02-27 16:33:08,Asset,4198696000018806132,,Other Current Asset,Total Current Assets,Asset,Other Current Asset,Customs Duty Stock,Asset,Other Current Asset,A. Cash Flow From Operating Activities,Other Current Asset,,Total Non Operating Income/Expense,A. Cash Flow From Operating Activities
4198696000018806025,Purchase discounts Stock,Yes,Other Current Asset,CRC,2025-02-27 11:51:32,2025-02-27 16:33:17,Asset,4198696000018806132,,Other Current Asset,Total Current Assets,Asset,Other Current Asset,Purchase discounts Stock,Asset,Other Current Asset,A. Cash Flow From Operating Activities,Other Current Asset,,Total Non Operating Income/Expense,A. Cash Flow From Operating Activities
4198696000018806029,Seafreight Stock,Yes,Other Current Asset,CRC,2025-02-27 11:51:49,2025-02-27 16:33:26,Asset,4198696000018806132,,Other Current Asset,Total Current Assets,Asset,Other Current Asset,Seafreight Stock,Asset,Other Current Asset,A. Cash Flow From Operating Activities,Other Current Asset,,Total Non Operating Income/Expense,A. Cash Flow From Operating Activities
4198696000018806132,Ajustes de Inventario,Yes,Other Current Asset,CRC,2025-02-27 16:30:11,2025-02-27 16:33:01,Asset,,,Other Current Asset,Total Current Assets,Asset,Other Current Asset,Ajustes de Inventario,Asset,Other Current Asset,A. Cash Flow From Operating Activities,Other Current Asset,,Total Non Operating Income/Expense,A. Cash Flow From Operating Activities
4198696000020397250,Accounts Receivable - Credit Sales,Yes,Accounts Receivable,CRC,2025-03-27 12:54:34,2025-03-27 12:54:34,Asset,,101050,Accounts Receivable,Total Current Assets,Asset,Accounts Receivable,Accounts Receivable - Credit Sales,Asset,Accounts Receivable,A. Cash Flow From Operating Activities,Accounts Receivable,,Total Non Operating Income/Expense,A. Cash Flow From Operating Activities
4198696000023805323,Ajustes manuales de inventario,Yes,Stock,CRC,2025-05-29 18:13:15,2025-05-29 18:13:15,Asset,,700001,Other asset,Total Current Assets,Asset,Stock,Ajustes manuales de inventario,Asset,Stock,A. Cash Flow From Operating Activities,Stock,,Total Non Operating Income/Expense,A. Cash Flow From Operating Activities
4198696000025020195,Senior Staff Receivable - Alex,Yes,Other Current Asset,CRC,2025-06-20 16:43:43,2025-06-20 16:43:43,Asset,,735311,Other Current Asset,Total Current Assets,Asset,Other Current Asset,Senior Staff Receivable - Alex,Asset,Other Current Asset,A. Cash Flow From Operating Activities,Other Current Asset,,Total Non Operating Income/Expense,A. Cash Flow From Operating Activities
4198696000027079124,SINPE Colones,Yes,Bank,CRC,2025-07-24 15:14:48,2025-08-08 16:28:57,Asset,,,Bank,Total Current Assets,Asset,Bank,SINPE Colones,Asset,Bank,0,Bank,,Total Non Operating Income/Expense,0
4198696000034328794,Tolls Expense,Yes,Expense,CRC,2025-11-07 14:16:32,2025-11-07 14:16:32,Expense,,,Expense,Equites,Total Liabilities & Equities,,,Expense,Total Operating Expense,0,Total Operating Expense,,Total Operating Profit,0
4198696000034331203,Scotia - USD Savings,Yes,Bank,USD,2025-11-07 16:36:48,2025-11-07 16:36:48,Asset,,,Bank,Total Current Assets,Asset,Bank,Scotia - USD Savings,Asset,Bank,0,Bank,,Total Non Operating Income/Expense,0
